file,line,type,commit,author,date,time,timezone,datetime,depth,length
style.css,1,css,2beec35e,John Wesley Delos Reyes Pabalate,2025-04-18,22:40:17,-07:00,2025-04-18T22:40:17-07:00,0,5
style.css,2,css,12c4691b,John Wesley Delos Reyes Pabalate,2025-04-25,20:44:44,-07:00,2025-04-25T20:44:44-07:00,1,33
style.css,3,css,2beec35e,John Wesley Delos Reyes Pabalate,2025-04-18,22:40:17,-07:00,2025-04-18T22:40:17-07:00,1,39
style.css,4,css,2beec35e,John Wesley Delos Reyes Pabalate,2025-04-18,22:40:17,-07:00,2025-04-18T22:40:17-07:00,0,0
style.css,5,css,2beec35e,John Wesley Delos Reyes Pabalate,2025-04-18,22:40:17,-07:00,2025-04-18T22:40:17-07:00,0,0
style.css,6,css,2beec35e,John Wesley Delos Reyes Pabalate,2025-04-18,22:40:17,-07:00,2025-04-18T22:40:17-07:00,0,25
style.css,7,css,2beec35e,John Wesley Delos Reyes Pabalate,2025-04-18,22:40:17,-07:00,2025-04-18T22:40:17-07:00,1,18
style.css,8,css,2beec35e,John Wesley Delos Reyes Pabalate,2025-04-18,22:40:17,-07:00,2025-04-18T22:40:17-07:00,0,0
style.css,9,css,2beec35e,John Wesley Delos Reyes Pabalate,2025-04-18,22:40:17,-07:00,2025-04-18T22:40:17-07:00,0,0
style.css,10,css,2beec35e,John Wesley Delos Reyes Pabalate,2025-04-18,22:40:17,-07:00,2025-04-18T22:40:17-07:00,0,24
style.css,11,css,2beec35e,John Wesley Delos Reyes Pabalate,2025-04-18,22:40:17,-07:00,2025-04-18T22:40:17-07:00,1,17
style.css,12,css,2beec35e,John Wesley Delos Reyes Pabalate,2025-04-18,22:40:17,-07:00,2025-04-18T22:40:17-07:00,0,0
style.css,13,css,2beec35e,John Wesley Delos Reyes Pabalate,2025-04-18,22:40:17,-07:00,2025-04-18T22:40:17-07:00,0,0
style.css,14,css,c0a25a0c,John Wesley Delos Reyes Pabalate,2025-04-04,23:31:20,-07:00,2025-04-04T23:31:20-07:00,0,4
style.css,15,css,0ed5110a,John Wesley Delos Reyes Pabalate,2025-04-11,23:19:50,-07:00,2025-04-11T23:19:50-07:00,1,15
style.css,16,css,0ed5110a,John Wesley Delos Reyes Pabalate,2025-04-11,23:19:50,-07:00,2025-04-11T23:19:50-07:00,1,18
style.css,17,css,0ed5110a,John Wesley Delos Reyes Pabalate,2025-04-11,23:19:50,-07:00,2025-04-11T23:19:50-07:00,1,19
style.css,18,css,2beec35e,John Wesley Delos Reyes Pabalate,2025-04-18,22:40:17,-07:00,2025-04-18T22:40:17-07:00,1,24
style.css,19,css,2beec35e,John Wesley Delos Reyes Pabalate,2025-04-18,22:40:17,-07:00,2025-04-18T22:40:17-07:00,1,11
style.css,20,css,0ed5110a,John Wesley Delos Reyes Pabalate,2025-04-11,23:19:50,-07:00,2025-04-11T23:19:50-07:00,0,0
style.css,21,css,c0a25a0c,John Wesley Delos Reyes Pabalate,2025-04-04,23:31:20,-07:00,2025-04-04T23:31:20-07:00,0,0
style.css,22,css,c0a25a0c,John Wesley Delos Reyes Pabalate,2025-04-04,23:31:20,-07:00,2025-04-04T23:31:20-07:00,0,3
style.css,23,css,2beec35e,John Wesley Delos Reyes Pabalate,2025-04-18,22:40:17,-07:00,2025-04-18T22:40:17-07:00,1,15
style.css,24,css,2beec35e,John Wesley Delos Reyes Pabalate,2025-04-18,22:40:17,-07:00,2025-04-18T22:40:17-07:00,1,11
style.css,25,css,2beec35e,John Wesley Delos Reyes Pabalate,2025-04-18,22:40:17,-07:00,2025-04-18T22:40:17-07:00,1,13
style.css,26,css,2beec35e,John Wesley Delos Reyes Pabalate,2025-04-18,22:40:17,-07:00,2025-04-18T22:40:17-07:00,1,15
style.css,27,css,c0a25a0c,John Wesley Delos Reyes Pabalate,2025-04-04,23:31:20,-07:00,2025-04-04T23:31:20-07:00,0,0
style.css,28,css,2beec35e,John Wesley Delos Reyes Pabalate,2025-04-18,22:40:17,-07:00,2025-04-18T22:40:17-07:00,0,0
style.css,29,css,0ed5110a,John Wesley Delos Reyes Pabalate,2025-04-11,23:19:50,-07:00,2025-04-11T23:19:50-07:00,0,3
style.css,30,css,0ed5110a,John Wesley Delos Reyes Pabalate,2025-04-11,23:19:50,-07:00,2025-04-11T23:19:50-07:00,1,12
style.css,31,css,0ed5110a,John Wesley Delos Reyes Pabalate,2025-04-11,23:19:50,-07:00,2025-04-11T23:19:50-07:00,1,17
style.css,32,css,2beec35e,John Wesley Delos Reyes Pabalate,2025-04-18,22:40:17,-07:00,2025-04-18T22:40:17-07:00,1,43
style.css,33,css,0ed5110a,John Wesley Delos Reyes Pabalate,2025-04-11,23:19:50,-07:00,2025-04-11T23:19:50-07:00,0,0
style.css,34,css,0ed5110a,John Wesley Delos Reyes Pabalate,2025-04-11,23:19:50,-07:00,2025-04-11T23:19:50-07:00,0,0
style.css,35,css,0ed5110a,John Wesley Delos Reyes Pabalate,2025-04-11,23:19:50,-07:00,2025-04-11T23:19:50-07:00,0,5
style.css,36,css,0ed5110a,John Wesley Delos Reyes Pabalate,2025-04-11,23:19:50,-07:00,2025-04-11T23:19:50-07:00,1,6
style.css,37,css,2beec35e,John Wesley Delos Reyes Pabalate,2025-04-18,22:40:17,-07:00,2025-04-18T22:40:17-07:00,1,20
style.css,38,css,0ed5110a,John Wesley Delos Reyes Pabalate,2025-04-11,23:19:50,-07:00,2025-04-11T23:19:50-07:00,1,13
style.css,39,css,0ed5110a,John Wesley Delos Reyes Pabalate,2025-04-11,23:19:50,-07:00,2025-04-11T23:19:50-07:00,1,17
style.css,40,css,2beec35e,John Wesley Delos Reyes Pabalate,2025-04-18,22:40:17,-07:00,2025-04-18T22:40:17-07:00,1,14
style.css,41,css,0ed5110a,John Wesley Delos Reyes Pabalate,2025-04-11,23:19:50,-07:00,2025-04-11T23:19:50-07:00,1,35
style.css,42,css,0ed5110a,John Wesley Delos Reyes Pabalate,2025-04-11,23:19:50,-07:00,2025-04-11T23:19:50-07:00,1,58
style.css,43,css,0ed5110a,John Wesley Delos Reyes Pabalate,2025-04-11,23:19:50,-07:00,2025-04-11T23:19:50-07:00,0,0
style.css,44,css,0ed5110a,John Wesley Delos Reyes Pabalate,2025-04-11,23:19:50,-07:00,2025-04-11T23:19:50-07:00,0,0
style.css,45,css,2beec35e,John Wesley Delos Reyes Pabalate,2025-04-18,22:40:17,-07:00,2025-04-18T22:40:17-07:00,0,11
style.css,46,css,2beec35e,John Wesley Delos Reyes Pabalate,2025-04-18,22:40:17,-07:00,2025-04-18T22:40:17-07:00,1,39
style.css,47,css,2beec35e,John Wesley Delos Reyes Pabalate,2025-04-18,22:40:17,-07:00,2025-04-18T22:40:17-07:00,1,69
style.css,48,css,0ed5110a,John Wesley Delos Reyes Pabalate,2025-04-11,23:19:50,-07:00,2025-04-11T23:19:50-07:00,0,0
style.css,49,css,0ed5110a,John Wesley Delos Reyes Pabalate,2025-04-11,23:19:50,-07:00,2025-04-11T23:19:50-07:00,0,0
style.css,50,css,2beec35e,John Wesley Delos Reyes Pabalate,2025-04-18,22:40:17,-07:00,2025-04-18T22:40:17-07:00,0,13
style.css,51,css,2beec35e,John Wesley Delos Reyes Pabalate,2025-04-18,22:40:17,-07:00,2025-04-18T22:40:17-07:00,1,16
style.css,52,css,0ed5110a,John Wesley Delos Reyes Pabalate,2025-04-11,23:19:50,-07:00,2025-04-11T23:19:50-07:00,1,39
style.css,53,css,0ed5110a,John Wesley Delos Reyes Pabalate,2025-04-11,23:19:50,-07:00,2025-04-11T23:19:50-07:00,0,0
style.css,54,css,0ed5110a,John Wesley Delos Reyes Pabalate,2025-04-11,23:19:50,-07:00,2025-04-11T23:19:50-07:00,0,0
style.css,55,css,0ed5110a,John Wesley Delos Reyes Pabalate,2025-04-11,23:19:50,-07:00,2025-04-11T23:19:50-07:00,0,4
style.css,56,css,0ed5110a,John Wesley Delos Reyes Pabalate,2025-04-11,23:19:50,-07:00,2025-04-11T23:19:50-07:00,1,12
style.css,57,css,0ed5110a,John Wesley Delos Reyes Pabalate,2025-04-11,23:19:50,-07:00,2025-04-11T23:19:50-07:00,1,9
style.css,58,css,0ed5110a,John Wesley Delos Reyes Pabalate,2025-04-11,23:19:50,-07:00,2025-04-11T23:19:50-07:00,1,15
style.css,59,css,0ed5110a,John Wesley Delos Reyes Pabalate,2025-04-11,23:19:50,-07:00,2025-04-11T23:19:50-07:00,1,16
style.css,60,css,0ed5110a,John Wesley Delos Reyes Pabalate,2025-04-11,23:19:50,-07:00,2025-04-11T23:19:50-07:00,1,12
style.css,61,css,0ed5110a,John Wesley Delos Reyes Pabalate,2025-04-11,23:19:50,-07:00,2025-04-11T23:19:50-07:00,1,12
style.css,62,css,0ed5110a,John Wesley Delos Reyes Pabalate,2025-04-11,23:19:50,-07:00,2025-04-11T23:19:50-07:00,0,0
style.css,63,css,0ed5110a,John Wesley Delos Reyes Pabalate,2025-04-11,23:19:50,-07:00,2025-04-11T23:19:50-07:00,0,0
style.css,64,css,0ed5110a,John Wesley Delos Reyes Pabalate,2025-04-11,23:19:50,-07:00,2025-04-11T23:19:50-07:00,0,9
style.css,65,css,0ed5110a,John Wesley Delos Reyes Pabalate,2025-04-11,23:19:50,-07:00,2025-04-11T23:19:50-07:00,1,12
style.css,66,css,0ed5110a,John Wesley Delos Reyes Pabalate,2025-04-11,23:19:50,-07:00,2025-04-11T23:19:50-07:00,1,31
style.css,67,css,0ed5110a,John Wesley Delos Reyes Pabalate,2025-04-11,23:19:50,-07:00,2025-04-11T23:19:50-07:00,1,18
style.css,68,css,0ed5110a,John Wesley Delos Reyes Pabalate,2025-04-11,23:19:50,-07:00,2025-04-11T23:19:50-07:00,1,7
style.css,69,css,0ed5110a,John Wesley Delos Reyes Pabalate,2025-04-11,23:19:50,-07:00,2025-04-11T23:19:50-07:00,0,0
style.css,70,css,0ed5110a,John Wesley Delos Reyes Pabalate,2025-04-11,23:19:50,-07:00,2025-04-11T23:19:50-07:00,0,0
style.css,71,css,0ed5110a,John Wesley Delos Reyes Pabalate,2025-04-11,23:19:50,-07:00,2025-04-11T23:19:50-07:00,0,5
style.css,72,css,0ed5110a,John Wesley Delos Reyes Pabalate,2025-04-11,23:19:50,-07:00,2025-04-11T23:19:50-07:00,1,16
style.css,73,css,0ed5110a,John Wesley Delos Reyes Pabalate,2025-04-11,23:19:50,-07:00,2025-04-11T23:19:50-07:00,0,0
style.css,74,css,0ed5110a,John Wesley Delos Reyes Pabalate,2025-04-11,23:19:50,-07:00,2025-04-11T23:19:50-07:00,0,0
style.css,75,css,0ed5110a,John Wesley Delos Reyes Pabalate,2025-04-11,23:19:50,-07:00,2025-04-11T23:19:50-07:00,0,4
style.css,76,css,0ed5110a,John Wesley Delos Reyes Pabalate,2025-04-11,23:19:50,-07:00,2025-04-11T23:19:50-07:00,0,8
style.css,77,css,0ed5110a,John Wesley Delos Reyes Pabalate,2025-04-11,23:19:50,-07:00,2025-04-11T23:19:50-07:00,1,10
style.css,78,css,0ed5110a,John Wesley Delos Reyes Pabalate,2025-04-11,23:19:50,-07:00,2025-04-11T23:19:50-07:00,1,21
style.css,79,css,0ed5110a,John Wesley Delos Reyes Pabalate,2025-04-11,23:19:50,-07:00,2025-04-11T23:19:50-07:00,1,14
style.css,80,css,0ed5110a,John Wesley Delos Reyes Pabalate,2025-04-11,23:19:50,-07:00,2025-04-11T23:19:50-07:00,1,21
style.css,81,css,0ed5110a,John Wesley Delos Reyes Pabalate,2025-04-11,23:19:50,-07:00,2025-04-11T23:19:50-07:00,1,17
style.css,82,css,0ed5110a,John Wesley Delos Reyes Pabalate,2025-04-11,23:19:50,-07:00,2025-04-11T23:19:50-07:00,1,12
style.css,83,css,0ed5110a,John Wesley Delos Reyes Pabalate,2025-04-11,23:19:50,-07:00,2025-04-11T23:19:50-07:00,0,0
style.css,84,css,0ed5110a,John Wesley Delos Reyes Pabalate,2025-04-11,23:19:50,-07:00,2025-04-11T23:19:50-07:00,0,0
style.css,85,css,0ed5110a,John Wesley Delos Reyes Pabalate,2025-04-11,23:19:50,-07:00,2025-04-11T23:19:50-07:00,0,8
style.css,86,css,0ed5110a,John Wesley Delos Reyes Pabalate,2025-04-11,23:19:50,-07:00,2025-04-11T23:19:50-07:00,1,15
style.css,87,css,0ed5110a,John Wesley Delos Reyes Pabalate,2025-04-11,23:19:50,-07:00,2025-04-11T23:19:50-07:00,0,0
style.css,88,css,0ed5110a,John Wesley Delos Reyes Pabalate,2025-04-11,23:19:50,-07:00,2025-04-11T23:19:50-07:00,0,0
style.css,89,css,0ed5110a,John Wesley Delos Reyes Pabalate,2025-04-11,23:19:50,-07:00,2025-04-11T23:19:50-07:00,0,6
style.css,90,css,0ed5110a,John Wesley Delos Reyes Pabalate,2025-04-11,23:19:50,-07:00,2025-04-11T23:19:50-07:00,1,18
style.css,91,css,0ed5110a,John Wesley Delos Reyes Pabalate,2025-04-11,23:19:50,-07:00,2025-04-11T23:19:50-07:00,1,10
style.css,92,css,0ed5110a,John Wesley Delos Reyes Pabalate,2025-04-11,23:19:50,-07:00,2025-04-11T23:19:50-07:00,1,15
style.css,93,css,0ed5110a,John Wesley Delos Reyes Pabalate,2025-04-11,23:19:50,-07:00,2025-04-11T23:19:50-07:00,1,36
style.css,94,css,0ed5110a,John Wesley Delos Reyes Pabalate,2025-04-11,23:19:50,-07:00,2025-04-11T23:19:50-07:00,1,11
style.css,95,css,0ed5110a,John Wesley Delos Reyes Pabalate,2025-04-11,23:19:50,-07:00,2025-04-11T23:19:50-07:00,1,14
style.css,96,css,0ed5110a,John Wesley Delos Reyes Pabalate,2025-04-11,23:19:50,-07:00,2025-04-11T23:19:50-07:00,1,11
style.css,97,css,0ed5110a,John Wesley Delos Reyes Pabalate,2025-04-11,23:19:50,-07:00,2025-04-11T23:19:50-07:00,1,17
style.css,98,css,0ed5110a,John Wesley Delos Reyes Pabalate,2025-04-11,23:19:50,-07:00,2025-04-11T23:19:50-07:00,1,14
style.css,99,css,0ed5110a,John Wesley Delos Reyes Pabalate,2025-04-11,23:19:50,-07:00,2025-04-11T23:19:50-07:00,1,32
style.css,100,css,0ed5110a,John Wesley Delos Reyes Pabalate,2025-04-11,23:19:50,-07:00,2025-04-11T23:19:50-07:00,0,0
style.css,101,css,0ed5110a,John Wesley Delos Reyes Pabalate,2025-04-11,23:19:50,-07:00,2025-04-11T23:19:50-07:00,0,0
style.css,102,css,0ed5110a,John Wesley Delos Reyes Pabalate,2025-04-11,23:19:50,-07:00,2025-04-11T23:19:50-07:00,0,12
style.css,103,css,0ed5110a,John Wesley Delos Reyes Pabalate,2025-04-11,23:19:50,-07:00,2025-04-11T23:19:50-07:00,1,58
style.css,104,css,0ed5110a,John Wesley Delos Reyes Pabalate,2025-04-11,23:19:50,-07:00,2025-04-11T23:19:50-07:00,0,0
style.css,105,css,0ed5110a,John Wesley Delos Reyes Pabalate,2025-04-11,23:19:50,-07:00,2025-04-11T23:19:50-07:00,0,0
style.css,106,css,0ed5110a,John Wesley Delos Reyes Pabalate,2025-04-11,23:19:50,-07:00,2025-04-11T23:19:50-07:00,0,17
style.css,107,css,0ed5110a,John Wesley Delos Reyes Pabalate,2025-04-11,23:19:50,-07:00,2025-04-11T23:19:50-07:00,1,12
style.css,108,css,0ed5110a,John Wesley Delos Reyes Pabalate,2025-04-11,23:19:50,-07:00,2025-04-11T23:19:50-07:00,1,26
style.css,109,css,0ed5110a,John Wesley Delos Reyes Pabalate,2025-04-11,23:19:50,-07:00,2025-04-11T23:19:50-07:00,1,15
style.css,110,css,0ed5110a,John Wesley Delos Reyes Pabalate,2025-04-11,23:19:50,-07:00,2025-04-11T23:19:50-07:00,1,18
style.css,111,css,0ed5110a,John Wesley Delos Reyes Pabalate,2025-04-11,23:19:50,-07:00,2025-04-11T23:19:50-07:00,1,12
style.css,112,css,0ed5110a,John Wesley Delos Reyes Pabalate,2025-04-11,23:19:50,-07:00,2025-04-11T23:19:50-07:00,1,21
style.css,113,css,0ed5110a,John Wesley Delos Reyes Pabalate,2025-04-11,23:19:50,-07:00,2025-04-11T23:19:50-07:00,1,17
style.css,114,css,0ed5110a,John Wesley Delos Reyes Pabalate,2025-04-11,23:19:50,-07:00,2025-04-11T23:19:50-07:00,1,40
style.css,115,css,0ed5110a,John Wesley Delos Reyes Pabalate,2025-04-11,23:19:50,-07:00,2025-04-11T23:19:50-07:00,1,25
style.css,116,css,0ed5110a,John Wesley Delos Reyes Pabalate,2025-04-11,23:19:50,-07:00,2025-04-11T23:19:50-07:00,0,0
style.css,117,css,0ed5110a,John Wesley Delos Reyes Pabalate,2025-04-11,23:19:50,-07:00,2025-04-11T23:19:50-07:00,0,0
style.css,118,css,0ed5110a,John Wesley Delos Reyes Pabalate,2025-04-11,23:19:50,-07:00,2025-04-11T23:19:50-07:00,0,22
style.css,119,css,0ed5110a,John Wesley Delos Reyes Pabalate,2025-04-11,23:19:50,-07:00,2025-04-11T23:19:50-07:00,1,15
style.css,120,css,0ed5110a,John Wesley Delos Reyes Pabalate,2025-04-11,23:19:50,-07:00,2025-04-11T23:19:50-07:00,1,17
style.css,121,css,0ed5110a,John Wesley Delos Reyes Pabalate,2025-04-11,23:19:50,-07:00,2025-04-11T23:19:50-07:00,1,25
style.css,122,css,2beec35e,John Wesley Delos Reyes Pabalate,2025-04-18,22:40:17,-07:00,2025-04-18T22:40:17-07:00,1,17
style.css,123,css,0ed5110a,John Wesley Delos Reyes Pabalate,2025-04-11,23:19:50,-07:00,2025-04-11T23:19:50-07:00,0,0
style.css,124,css,0ed5110a,John Wesley Delos Reyes Pabalate,2025-04-11,23:19:50,-07:00,2025-04-11T23:19:50-07:00,0,0
style.css,125,css,0ed5110a,John Wesley Delos Reyes Pabalate,2025-04-11,23:19:50,-07:00,2025-04-11T23:19:50-07:00,0,2
style.css,126,css,0ed5110a,John Wesley Delos Reyes Pabalate,2025-04-11,23:19:50,-07:00,2025-04-11T23:19:50-07:00,1,14
style.css,127,css,0ed5110a,John Wesley Delos Reyes Pabalate,2025-04-11,23:19:50,-07:00,2025-04-11T23:19:50-07:00,0,0
style.css,128,css,0ed5110a,John Wesley Delos Reyes Pabalate,2025-04-11,23:19:50,-07:00,2025-04-11T23:19:50-07:00,0,0
style.css,129,css,0ed5110a,John Wesley Delos Reyes Pabalate,2025-04-11,23:19:50,-07:00,2025-04-11T23:19:50-07:00,0,2
style.css,130,css,2beec35e,John Wesley Delos Reyes Pabalate,2025-04-18,22:40:17,-07:00,2025-04-18T22:40:17-07:00,1,14
style.css,131,css,0ed5110a,John Wesley Delos Reyes Pabalate,2025-04-11,23:19:50,-07:00,2025-04-11T23:19:50-07:00,0,0
style.css,132,css,0ed5110a,John Wesley Delos Reyes Pabalate,2025-04-11,23:19:50,-07:00,2025-04-11T23:19:50-07:00,0,0
style.css,133,css,0ed5110a,John Wesley Delos Reyes Pabalate,2025-04-11,23:19:50,-07:00,2025-04-11T23:19:50-07:00,0,14
style.css,134,css,0ed5110a,John Wesley Delos Reyes Pabalate,2025-04-11,23:19:50,-07:00,2025-04-11T23:19:50-07:00,1,17
style.css,135,css,0ed5110a,John Wesley Delos Reyes Pabalate,2025-04-11,23:19:50,-07:00,2025-04-11T23:19:50-07:00,1,15
style.css,136,css,0ed5110a,John Wesley Delos Reyes Pabalate,2025-04-11,23:19:50,-07:00,2025-04-11T23:19:50-07:00,1,20
style.css,137,css,0ed5110a,John Wesley Delos Reyes Pabalate,2025-04-11,23:19:50,-07:00,2025-04-11T23:19:50-07:00,0,0
style.css,138,css,0ed5110a,John Wesley Delos Reyes Pabalate,2025-04-11,23:19:50,-07:00,2025-04-11T23:19:50-07:00,0,0
style.css,139,css,0ed5110a,John Wesley Delos Reyes Pabalate,2025-04-11,23:19:50,-07:00,2025-04-11T23:19:50-07:00,0,17
style.css,140,css,0ed5110a,John Wesley Delos Reyes Pabalate,2025-04-11,23:19:50,-07:00,2025-04-11T23:19:50-07:00,1,16
style.css,141,css,0ed5110a,John Wesley Delos Reyes Pabalate,2025-04-11,23:19:50,-07:00,2025-04-11T23:19:50-07:00,1,16
style.css,142,css,2beec35e,John Wesley Delos Reyes Pabalate,2025-04-18,22:40:17,-07:00,2025-04-18T22:40:17-07:00,1,17
style.css,143,css,0ed5110a,John Wesley Delos Reyes Pabalate,2025-04-11,23:19:50,-07:00,2025-04-11T23:19:50-07:00,0,0
style.css,144,css,0ed5110a,John Wesley Delos Reyes Pabalate,2025-04-11,23:19:50,-07:00,2025-04-11T23:19:50-07:00,0,0
style.css,145,css,0ed5110a,John Wesley Delos Reyes Pabalate,2025-04-11,23:19:50,-07:00,2025-04-11T23:19:50-07:00,0,16
style.css,146,css,0ed5110a,John Wesley Delos Reyes Pabalate,2025-04-11,23:19:50,-07:00,2025-04-11T23:19:50-07:00,1,16
style.css,147,css,0ed5110a,John Wesley Delos Reyes Pabalate,2025-04-11,23:19:50,-07:00,2025-04-11T23:19:50-07:00,1,10
style.css,148,css,0ed5110a,John Wesley Delos Reyes Pabalate,2025-04-11,23:19:50,-07:00,2025-04-11T23:19:50-07:00,1,14
style.css,149,css,0ed5110a,John Wesley Delos Reyes Pabalate,2025-04-11,23:19:50,-07:00,2025-04-11T23:19:50-07:00,1,18
style.css,150,css,0ed5110a,John Wesley Delos Reyes Pabalate,2025-04-11,23:19:50,-07:00,2025-04-11T23:19:50-07:00,0,0
style.css,151,css,0ed5110a,John Wesley Delos Reyes Pabalate,2025-04-11,23:19:50,-07:00,2025-04-11T23:19:50-07:00,0,0
style.css,152,css,2beec35e,John Wesley Delos Reyes Pabalate,2025-04-18,22:40:17,-07:00,2025-04-18T22:40:17-07:00,0,30
style.css,153,css,2beec35e,John Wesley Delos Reyes Pabalate,2025-04-18,22:40:17,-07:00,2025-04-18T22:40:17-07:00,1,22
style.css,154,css,2beec35e,John Wesley Delos Reyes Pabalate,2025-04-18,22:40:17,-07:00,2025-04-18T22:40:17-07:00,1,11
style.css,155,css,2beec35e,John Wesley Delos Reyes Pabalate,2025-04-18,22:40:17,-07:00,2025-04-18T22:40:17-07:00,0,0
style.css,156,css,0ed5110a,John Wesley Delos Reyes Pabalate,2025-04-11,23:19:50,-07:00,2025-04-11T23:19:50-07:00,0,0
style.css,157,css,2beec35e,John Wesley Delos Reyes Pabalate,2025-04-18,22:40:17,-07:00,2025-04-18T22:40:17-07:00,0,29
style.css,158,css,2beec35e,John Wesley Delos Reyes Pabalate,2025-04-18,22:40:17,-07:00,2025-04-18T22:40:17-07:00,1,22
style.css,159,css,2beec35e,John Wesley Delos Reyes Pabalate,2025-04-18,22:40:17,-07:00,2025-04-18T22:40:17-07:00,1,39
style.css,160,css,2beec35e,John Wesley Delos Reyes Pabalate,2025-04-18,22:40:17,-07:00,2025-04-18T22:40:17-07:00,0,0
style.css,161,css,2beec35e,John Wesley Delos Reyes Pabalate,2025-04-18,22:40:17,-07:00,2025-04-18T22:40:17-07:00,0,0
style.css,162,css,2beec35e,John Wesley Delos Reyes Pabalate,2025-04-18,22:40:17,-07:00,2025-04-18T22:40:17-07:00,0,31
style.css,163,css,2beec35e,John Wesley Delos Reyes Pabalate,2025-04-18,22:40:17,-07:00,2025-04-18T22:40:17-07:00,1,11
style.css,164,css,2beec35e,John Wesley Delos Reyes Pabalate,2025-04-18,22:40:17,-07:00,2025-04-18T22:40:17-07:00,0,0
style.css,165,css,2beec35e,John Wesley Delos Reyes Pabalate,2025-04-18,22:40:17,-07:00,2025-04-18T22:40:17-07:00,0,0
style.css,166,css,2beec35e,John Wesley Delos Reyes Pabalate,2025-04-18,22:40:17,-07:00,2025-04-18T22:40:17-07:00,0,37
style.css,167,css,2beec35e,John Wesley Delos Reyes Pabalate,2025-04-18,22:40:17,-07:00,2025-04-18T22:40:17-07:00,1,68
style.css,168,css,2beec35e,John Wesley Delos Reyes Pabalate,2025-04-18,22:40:17,-07:00,2025-04-18T22:40:17-07:00,0,0
style.css,169,css,2beec35e,John Wesley Delos Reyes Pabalate,2025-04-18,22:40:17,-07:00,2025-04-18T22:40:17-07:00,0,0
style.css,170,css,2beec35e,John Wesley Delos Reyes Pabalate,2025-04-18,22:40:17,-07:00,2025-04-18T22:40:17-07:00,0,29
style.css,171,css,2beec35e,John Wesley Delos Reyes Pabalate,2025-04-18,22:40:17,-07:00,2025-04-18T22:40:17-07:00,0,30
style.css,172,css,2beec35e,John Wesley Delos Reyes Pabalate,2025-04-18,22:40:17,-07:00,2025-04-18T22:40:17-07:00,0,33
style.css,173,css,2beec35e,John Wesley Delos Reyes Pabalate,2025-04-18,22:40:17,-07:00,2025-04-18T22:40:17-07:00,0,43
style.css,174,css,2beec35e,John Wesley Delos Reyes Pabalate,2025-04-18,22:40:17,-07:00,2025-04-18T22:40:17-07:00,1,22
style.css,175,css,2beec35e,John Wesley Delos Reyes Pabalate,2025-04-18,22:40:17,-07:00,2025-04-18T22:40:17-07:00,1,11
style.css,176,css,2beec35e,John Wesley Delos Reyes Pabalate,2025-04-18,22:40:17,-07:00,2025-04-18T22:40:17-07:00,0,0
style.css,177,css,2beec35e,John Wesley Delos Reyes Pabalate,2025-04-18,22:40:17,-07:00,2025-04-18T22:40:17-07:00,0,0
style.css,178,css,2beec35e,John Wesley Delos Reyes Pabalate,2025-04-18,22:40:17,-07:00,2025-04-18T22:40:17-07:00,0,42
style.css,179,css,2beec35e,John Wesley Delos Reyes Pabalate,2025-04-18,22:40:17,-07:00,2025-04-18T22:40:17-07:00,1,10
style.css,180,css,2beec35e,John Wesley Delos Reyes Pabalate,2025-04-18,22:40:17,-07:00,2025-04-18T22:40:17-07:00,0,0
style.css,181,css,2beec35e,John Wesley Delos Reyes Pabalate,2025-04-18,22:40:17,-07:00,2025-04-18T22:40:17-07:00,0,0
style.css,182,css,2beec35e,John Wesley Delos Reyes Pabalate,2025-04-18,22:40:17,-07:00,2025-04-18T22:40:17-07:00,0,39
style.css,183,css,2beec35e,John Wesley Delos Reyes Pabalate,2025-04-18,22:40:17,-07:00,2025-04-18T22:40:17-07:00,1,42
style.css,184,css,2beec35e,John Wesley Delos Reyes Pabalate,2025-04-18,22:40:17,-07:00,2025-04-18T22:40:17-07:00,1,11
style.css,185,css,2beec35e,John Wesley Delos Reyes Pabalate,2025-04-18,22:40:17,-07:00,2025-04-18T22:40:17-07:00,0,0
style.css,186,css,2beec35e,John Wesley Delos Reyes Pabalate,2025-04-18,22:40:17,-07:00,2025-04-18T22:40:17-07:00,0,0
style.css,187,css,2beec35e,John Wesley Delos Reyes Pabalate,2025-04-18,22:40:17,-07:00,2025-04-18T22:40:17-07:00,0,46
style.css,188,css,2beec35e,John Wesley Delos Reyes Pabalate,2025-04-18,22:40:17,-07:00,2025-04-18T22:40:17-07:00,1,16
style.css,189,css,2beec35e,John Wesley Delos Reyes Pabalate,2025-04-18,22:40:17,-07:00,2025-04-18T22:40:17-07:00,1,11
style.css,190,css,2beec35e,John Wesley Delos Reyes Pabalate,2025-04-18,22:40:17,-07:00,2025-04-18T22:40:17-07:00,1,17
style.css,191,css,2beec35e,John Wesley Delos Reyes Pabalate,2025-04-18,22:40:17,-07:00,2025-04-18T22:40:17-07:00,0,0
style.css,192,css,2beec35e,John Wesley Delos Reyes Pabalate,2025-04-18,22:40:17,-07:00,2025-04-18T22:40:17-07:00,0,0
style.css,193,css,2beec35e,John Wesley Delos Reyes Pabalate,2025-04-18,22:40:17,-07:00,2025-04-18T22:40:17-07:00,0,29
style.css,194,css,2beec35e,John Wesley Delos Reyes Pabalate,2025-04-18,22:40:17,-07:00,2025-04-18T22:40:17-07:00,1,34
style.css,195,css,2beec35e,John Wesley Delos Reyes Pabalate,2025-04-18,22:40:17,-07:00,2025-04-18T22:40:17-07:00,1,21
style.css,196,css,2beec35e,John Wesley Delos Reyes Pabalate,2025-04-18,22:40:17,-07:00,2025-04-18T22:40:17-07:00,0,0
style.css,197,css,2beec35e,John Wesley Delos Reyes Pabalate,2025-04-18,22:40:17,-07:00,2025-04-18T22:40:17-07:00,0,0
style.css,198,css,2beec35e,John Wesley Delos Reyes Pabalate,2025-04-18,22:40:17,-07:00,2025-04-18T22:40:17-07:00,0,28
style.css,199,css,2beec35e,John Wesley Delos Reyes Pabalate,2025-04-18,22:40:17,-07:00,2025-04-18T22:40:17-07:00,1,34
style.css,200,css,2beec35e,John Wesley Delos Reyes Pabalate,2025-04-18,22:40:17,-07:00,2025-04-18T22:40:17-07:00,1,39
style.css,201,css,2beec35e,John Wesley Delos Reyes Pabalate,2025-04-18,22:40:17,-07:00,2025-04-18T22:40:17-07:00,0,0
style.css,202,css,2beec35e,John Wesley Delos Reyes Pabalate,2025-04-18,22:40:17,-07:00,2025-04-18T22:40:17-07:00,0,0
style.css,203,css,2beec35e,John Wesley Delos Reyes Pabalate,2025-04-18,22:40:17,-07:00,2025-04-18T22:40:17-07:00,0,30
style.css,204,css,2beec35e,John Wesley Delos Reyes Pabalate,2025-04-18,22:40:17,-07:00,2025-04-18T22:40:17-07:00,1,21
style.css,205,css,2beec35e,John Wesley Delos Reyes Pabalate,2025-04-18,22:40:17,-07:00,2025-04-18T22:40:17-07:00,0,0
style.css,206,css,2beec35e,John Wesley Delos Reyes Pabalate,2025-04-18,22:40:17,-07:00,2025-04-18T22:40:17-07:00,0,0
style.css,207,css,2beec35e,John Wesley Delos Reyes Pabalate,2025-04-18,22:40:17,-07:00,2025-04-18T22:40:17-07:00,0,36
style.css,208,css,2beec35e,John Wesley Delos Reyes Pabalate,2025-04-18,22:40:17,-07:00,2025-04-18T22:40:17-07:00,1,69
style.css,209,css,2beec35e,John Wesley Delos Reyes Pabalate,2025-04-18,22:40:17,-07:00,2025-04-18T22:40:17-07:00,0,0
style.css,210,css,2beec35e,John Wesley Delos Reyes Pabalate,2025-04-18,22:40:17,-07:00,2025-04-18T22:40:17-07:00,0,0
style.css,211,css,2beec35e,John Wesley Delos Reyes Pabalate,2025-04-18,22:40:17,-07:00,2025-04-18T22:40:17-07:00,0,29
style.css,212,css,2beec35e,John Wesley Delos Reyes Pabalate,2025-04-18,22:40:17,-07:00,2025-04-18T22:40:17-07:00,1,34
style.css,213,css,2beec35e,John Wesley Delos Reyes Pabalate,2025-04-18,22:40:17,-07:00,2025-04-18T22:40:17-07:00,1,18
style.css,214,css,2beec35e,John Wesley Delos Reyes Pabalate,2025-04-18,22:40:17,-07:00,2025-04-18T22:40:17-07:00,1,40
style.css,215,css,2beec35e,John Wesley Delos Reyes Pabalate,2025-04-18,22:40:17,-07:00,2025-04-18T22:40:17-07:00,0,0
style.css,216,css,2beec35e,John Wesley Delos Reyes Pabalate,2025-04-18,22:40:17,-07:00,2025-04-18T22:40:17-07:00,0,0
style.css,217,css,2beec35e,John Wesley Delos Reyes Pabalate,2025-04-18,22:40:17,-07:00,2025-04-18T22:40:17-07:00,0,29
style.css,218,css,2beec35e,John Wesley Delos Reyes Pabalate,2025-04-18,22:40:17,-07:00,2025-04-18T22:40:17-07:00,0,33
style.css,219,css,2beec35e,John Wesley Delos Reyes Pabalate,2025-04-18,22:40:17,-07:00,2025-04-18T22:40:17-07:00,1,34
style.css,220,css,2beec35e,John Wesley Delos Reyes Pabalate,2025-04-18,22:40:17,-07:00,2025-04-18T22:40:17-07:00,1,21
style.css,221,css,2beec35e,John Wesley Delos Reyes Pabalate,2025-04-18,22:40:17,-07:00,2025-04-18T22:40:17-07:00,1,36
style.css,222,css,2beec35e,John Wesley Delos Reyes Pabalate,2025-04-18,22:40:17,-07:00,2025-04-18T22:40:17-07:00,0,0
style.css,223,css,2beec35e,John Wesley Delos Reyes Pabalate,2025-04-18,22:40:17,-07:00,2025-04-18T22:40:17-07:00,0,0
style.css,224,css,2beec35e,John Wesley Delos Reyes Pabalate,2025-04-18,22:40:17,-07:00,2025-04-18T22:40:17-07:00,0,42
style.css,225,css,2beec35e,John Wesley Delos Reyes Pabalate,2025-04-18,22:40:17,-07:00,2025-04-18T22:40:17-07:00,1,28
style.css,226,css,2beec35e,John Wesley Delos Reyes Pabalate,2025-04-18,22:40:17,-07:00,2025-04-18T22:40:17-07:00,1,21
style.css,227,css,2beec35e,John Wesley Delos Reyes Pabalate,2025-04-18,22:40:17,-07:00,2025-04-18T22:40:17-07:00,1,36
style.css,228,css,2beec35e,John Wesley Delos Reyes Pabalate,2025-04-18,22:40:17,-07:00,2025-04-18T22:40:17-07:00,0,0
style.css,229,css,2beec35e,John Wesley Delos Reyes Pabalate,2025-04-18,22:40:17,-07:00,2025-04-18T22:40:17-07:00,0,0
style.css,230,css,2beec35e,John Wesley Delos Reyes Pabalate,2025-04-18,22:40:17,-07:00,2025-04-18T22:40:17-07:00,0,41
style.css,231,css,2beec35e,John Wesley Delos Reyes Pabalate,2025-04-18,22:40:17,-07:00,2025-04-18T22:40:17-07:00,1,21
style.css,232,css,2beec35e,John Wesley Delos Reyes Pabalate,2025-04-18,22:40:17,-07:00,2025-04-18T22:40:17-07:00,0,0
style.css,233,css,2beec35e,John Wesley Delos Reyes Pabalate,2025-04-18,22:40:17,-07:00,2025-04-18T22:40:17-07:00,0,0
style.css,234,css,2beec35e,John Wesley Delos Reyes Pabalate,2025-04-18,22:40:17,-07:00,2025-04-18T22:40:17-07:00,0,38
style.css,235,css,2beec35e,John Wesley Delos Reyes Pabalate,2025-04-18,22:40:17,-07:00,2025-04-18T22:40:17-07:00,1,35
style.css,236,css,2beec35e,John Wesley Delos Reyes Pabalate,2025-04-18,22:40:17,-07:00,2025-04-18T22:40:17-07:00,1,21
style.css,237,css,2beec35e,John Wesley Delos Reyes Pabalate,2025-04-18,22:40:17,-07:00,2025-04-18T22:40:17-07:00,0,0
style.css,238,css,2beec35e,John Wesley Delos Reyes Pabalate,2025-04-18,22:40:17,-07:00,2025-04-18T22:40:17-07:00,0,0
style.css,239,css,2beec35e,John Wesley Delos Reyes Pabalate,2025-04-18,22:40:17,-07:00,2025-04-18T22:40:17-07:00,0,45
style.css,240,css,2beec35e,John Wesley Delos Reyes Pabalate,2025-04-18,22:40:17,-07:00,2025-04-18T22:40:17-07:00,1,16
style.css,241,css,2beec35e,John Wesley Delos Reyes Pabalate,2025-04-18,22:40:17,-07:00,2025-04-18T22:40:17-07:00,1,11
style.css,242,css,2beec35e,John Wesley Delos Reyes Pabalate,2025-04-18,22:40:17,-07:00,2025-04-18T22:40:17-07:00,1,30
style.css,243,css,2beec35e,John Wesley Delos Reyes Pabalate,2025-04-18,22:40:17,-07:00,2025-04-18T22:40:17-07:00,0,0
style.css,244,css,2beec35e,John Wesley Delos Reyes Pabalate,2025-04-18,22:40:17,-07:00,2025-04-18T22:40:17-07:00,0,0
style.css,245,css,2beec35e,John Wesley Delos Reyes Pabalate,2025-04-18,22:40:17,-07:00,2025-04-18T22:40:17-07:00,0,13
style.css,246,css,2beec35e,John Wesley Delos Reyes Pabalate,2025-04-18,22:40:17,-07:00,2025-04-18T22:40:17-07:00,1,14
style.css,247,css,2beec35e,John Wesley Delos Reyes Pabalate,2025-04-18,22:40:17,-07:00,2025-04-18T22:40:17-07:00,1,8
style.css,248,css,2beec35e,John Wesley Delos Reyes Pabalate,2025-04-18,22:40:17,-07:00,2025-04-18T22:40:17-07:00,1,10
style.css,249,css,2beec35e,John Wesley Delos Reyes Pabalate,2025-04-18,22:40:17,-07:00,2025-04-18T22:40:17-07:00,1,11
style.css,250,css,2beec35e,John Wesley Delos Reyes Pabalate,2025-04-18,22:40:17,-07:00,2025-04-18T22:40:17-07:00,1,16
style.css,251,css,2beec35e,John Wesley Delos Reyes Pabalate,2025-04-18,22:40:17,-07:00,2025-04-18T22:40:17-07:00,1,21
style.css,252,css,2beec35e,John Wesley Delos Reyes Pabalate,2025-04-18,22:40:17,-07:00,2025-04-18T22:40:17-07:00,1,17
style.css,253,css,2beec35e,John Wesley Delos Reyes Pabalate,2025-04-18,22:40:17,-07:00,2025-04-18T22:40:17-07:00,1,19
style.css,254,css,2beec35e,John Wesley Delos Reyes Pabalate,2025-04-18,22:40:17,-07:00,2025-04-18T22:40:17-07:00,0,0
style.css,255,css,2beec35e,John Wesley Delos Reyes Pabalate,2025-04-18,22:40:17,-07:00,2025-04-18T22:40:17-07:00,0,0
style.css,256,css,2beec35e,John Wesley Delos Reyes Pabalate,2025-04-18,22:40:17,-07:00,2025-04-18T22:40:17-07:00,0,20
style.css,257,css,2beec35e,John Wesley Delos Reyes Pabalate,2025-04-18,22:40:17,-07:00,2025-04-18T22:40:17-07:00,1,17
style.css,258,css,2beec35e,John Wesley Delos Reyes Pabalate,2025-04-18,22:40:17,-07:00,2025-04-18T22:40:17-07:00,1,20
style.css,259,css,2beec35e,John Wesley Delos Reyes Pabalate,2025-04-18,22:40:17,-07:00,2025-04-18T22:40:17-07:00,1,12
style.css,260,css,2beec35e,John Wesley Delos Reyes Pabalate,2025-04-18,22:40:17,-07:00,2025-04-18T22:40:17-07:00,1,17
style.css,261,css,2beec35e,John Wesley Delos Reyes Pabalate,2025-04-18,22:40:17,-07:00,2025-04-18T22:40:17-07:00,1,21
style.css,262,css,2beec35e,John Wesley Delos Reyes Pabalate,2025-04-18,22:40:17,-07:00,2025-04-18T22:40:17-07:00,0,0
style.css,263,css,12c4691b,John Wesley Delos Reyes Pabalate,2025-04-25,20:44:44,-07:00,2025-04-25T20:44:44-07:00,0,0
style.css,264,css,12c4691b,John Wesley Delos Reyes Pabalate,2025-04-25,20:44:44,-07:00,2025-04-25T20:44:44-07:00,0,13
style.css,265,css,12c4691b,John Wesley Delos Reyes Pabalate,2025-04-25,20:44:44,-07:00,2025-04-25T20:44:44-07:00,1,12
style.css,266,css,12c4691b,John Wesley Delos Reyes Pabalate,2025-04-25,20:44:44,-07:00,2025-04-25T20:44:44-07:00,1,36
style.css,267,css,12c4691b,John Wesley Delos Reyes Pabalate,2025-04-25,20:44:44,-07:00,2025-04-25T20:44:44-07:00,1,17
style.css,268,css,12c4691b,John Wesley Delos Reyes Pabalate,2025-04-25,20:44:44,-07:00,2025-04-25T20:44:44-07:00,1,12
style.css,269,css,12c4691b,John Wesley Delos Reyes Pabalate,2025-04-25,20:44:44,-07:00,2025-04-25T20:44:44-07:00,1,22
style.css,270,css,12c4691b,John Wesley Delos Reyes Pabalate,2025-04-25,20:44:44,-07:00,2025-04-25T20:44:44-07:00,0,0
style.css,271,css,12c4691b,John Wesley Delos Reyes Pabalate,2025-04-25,20:44:44,-07:00,2025-04-25T20:44:44-07:00,0,0
style.css,272,css,12c4691b,John Wesley Delos Reyes Pabalate,2025-04-25,20:44:44,-07:00,2025-04-25T20:44:44-07:00,0,16
style.css,273,css,12c4691b,John Wesley Delos Reyes Pabalate,2025-04-25,20:44:44,-07:00,2025-04-25T20:44:44-07:00,1,16
style.css,274,css,12c4691b,John Wesley Delos Reyes Pabalate,2025-04-25,20:44:44,-07:00,2025-04-25T20:44:44-07:00,1,10
style.css,275,css,12c4691b,John Wesley Delos Reyes Pabalate,2025-04-25,20:44:44,-07:00,2025-04-25T20:44:44-07:00,1,17
style.css,276,css,12c4691b,John Wesley Delos Reyes Pabalate,2025-04-25,20:44:44,-07:00,2025-04-25T20:44:44-07:00,0,0
style.css,277,css,12c4691b,John Wesley Delos Reyes Pabalate,2025-04-25,20:44:44,-07:00,2025-04-25T20:44:44-07:00,0,0
style.css,278,css,12c4691b,John Wesley Delos Reyes Pabalate,2025-04-25,20:44:44,-07:00,2025-04-25T20:44:44-07:00,0,16
style.css,279,css,12c4691b,John Wesley Delos Reyes Pabalate,2025-04-25,20:44:44,-07:00,2025-04-25T20:44:44-07:00,1,8
style.css,280,css,12c4691b,John Wesley Delos Reyes Pabalate,2025-04-25,20:44:44,-07:00,2025-04-25T20:44:44-07:00,1,14
style.css,281,css,12c4691b,John Wesley Delos Reyes Pabalate,2025-04-25,20:44:44,-07:00,2025-04-25T20:44:44-07:00,1,15
style.css,282,css,12c4691b,John Wesley Delos Reyes Pabalate,2025-04-25,20:44:44,-07:00,2025-04-25T20:44:44-07:00,1,10
style.css,283,css,12c4691b,John Wesley Delos Reyes Pabalate,2025-04-25,20:44:44,-07:00,2025-04-25T20:44:44-07:00,0,0
style.css,284,css,4c3100bd,John Wesley Delos Reyes Pabalate,2025-05-02,22:36:30,-07:00,2025-05-02T22:36:30-07:00,0,0
style.css,285,css,4c3100bd,John Wesley Delos Reyes Pabalate,2025-05-02,22:36:30,-07:00,2025-05-02T22:36:30-07:00,0,18
style.css,286,css,4c3100bd,John Wesley Delos Reyes Pabalate,2025-05-02,22:36:30,-07:00,2025-05-02T22:36:30-07:00,1,57
style.css,287,css,4c3100bd,John Wesley Delos Reyes Pabalate,2025-05-02,22:36:30,-07:00,2025-05-02T22:36:30-07:00,1,68
style.css,288,css,4c3100bd,John Wesley Delos Reyes Pabalate,2025-05-02,22:36:30,-07:00,2025-05-02T22:36:30-07:00,1,75
style.css,289,css,4c3100bd,John Wesley Delos Reyes Pabalate,2025-05-02,22:36:30,-07:00,2025-05-02T22:36:30-07:00,1,13
style.css,290,css,4c3100bd,John Wesley Delos Reyes Pabalate,2025-05-02,22:36:30,-07:00,2025-05-02T22:36:30-07:00,1,60
style.css,291,css,4c3100bd,John Wesley Delos Reyes Pabalate,2025-05-02,22:36:30,-07:00,2025-05-02T22:36:30-07:00,1,60
style.css,292,css,4c3100bd,John Wesley Delos Reyes Pabalate,2025-05-02,22:36:30,-07:00,2025-05-02T22:36:30-07:00,1,16
style.css,293,css,4c3100bd,John Wesley Delos Reyes Pabalate,2025-05-02,22:36:30,-07:00,2025-05-02T22:36:30-07:00,0,0
style.css,294,css,4c3100bd,John Wesley Delos Reyes Pabalate,2025-05-02,22:36:30,-07:00,2025-05-02T22:36:30-07:00,0,20
style.css,295,css,4c3100bd,John Wesley Delos Reyes Pabalate,2025-05-02,22:36:30,-07:00,2025-05-02T22:36:30-07:00,1,71
style.css,296,css,4c3100bd,John Wesley Delos Reyes Pabalate,2025-05-02,22:36:30,-07:00,2025-05-02T22:36:30-07:00,1,77
style.css,297,css,4c3100bd,John Wesley Delos Reyes Pabalate,2025-05-02,22:36:30,-07:00,2025-05-02T22:36:30-07:00,1,75
style.css,298,css,4c3100bd,John Wesley Delos Reyes Pabalate,2025-05-02,22:36:30,-07:00,2025-05-02T22:36:30-07:00,1,74
style.css,299,css,4c3100bd,John Wesley Delos Reyes Pabalate,2025-05-02,22:36:30,-07:00,2025-05-02T22:36:30-07:00,1,72
style.css,300,css,4c3100bd,John Wesley Delos Reyes Pabalate,2025-05-02,22:36:30,-07:00,2025-05-02T22:36:30-07:00,1,75
style.css,301,css,4c3100bd,John Wesley Delos Reyes Pabalate,2025-05-02,22:36:30,-07:00,2025-05-02T22:36:30-07:00,0,0
style.css,302,css,4c3100bd,John Wesley Delos Reyes Pabalate,2025-05-02,22:36:30,-07:00,2025-05-02T22:36:30-07:00,0,0
style.css,303,css,4c3100bd,John Wesley Delos Reyes Pabalate,2025-05-02,22:36:30,-07:00,2025-05-02T22:36:30-07:00,0,21
style.css,304,css,4c3100bd,John Wesley Delos Reyes Pabalate,2025-05-02,22:36:30,-07:00,2025-05-02T22:36:30-07:00,0,18
style.css,305,css,4c3100bd,John Wesley Delos Reyes Pabalate,2025-05-02,22:36:30,-07:00,2025-05-02T22:36:30-07:00,1,65
style.css,306,css,4c3100bd,John Wesley Delos Reyes Pabalate,2025-05-02,22:36:30,-07:00,2025-05-02T22:36:30-07:00,1,62
style.css,307,css,4c3100bd,John Wesley Delos Reyes Pabalate,2025-05-02,22:36:30,-07:00,2025-05-02T22:36:30-07:00,1,62
style.css,308,css,4c3100bd,John Wesley Delos Reyes Pabalate,2025-05-02,22:36:30,-07:00,2025-05-02T22:36:30-07:00,1,13
style.css,309,css,4c3100bd,John Wesley Delos Reyes Pabalate,2025-05-02,22:36:30,-07:00,2025-05-02T22:36:30-07:00,1,66
style.css,310,css,4c3100bd,John Wesley Delos Reyes Pabalate,2025-05-02,22:36:30,-07:00,2025-05-02T22:36:30-07:00,1,66
style.css,311,css,4c3100bd,John Wesley Delos Reyes Pabalate,2025-05-02,22:36:30,-07:00,2025-05-02T22:36:30-07:00,1,51
style.css,312,css,4c3100bd,John Wesley Delos Reyes Pabalate,2025-05-02,22:36:30,-07:00,2025-05-02T22:36:30-07:00,0,0
style.css,313,css,4c3100bd,John Wesley Delos Reyes Pabalate,2025-05-02,22:36:30,-07:00,2025-05-02T22:36:30-07:00,0,0
style.css,314,css,4c3100bd,John Wesley Delos Reyes Pabalate,2025-05-02,22:36:30,-07:00,2025-05-02T22:36:30-07:00,0,18
style.css,315,css,4c3100bd,John Wesley Delos Reyes Pabalate,2025-05-02,22:36:30,-07:00,2025-05-02T22:36:30-07:00,0,7
style.css,316,css,4c3100bd,John Wesley Delos Reyes Pabalate,2025-05-02,22:36:30,-07:00,2025-05-02T22:36:30-07:00,1,64
style.css,317,css,4c3100bd,John Wesley Delos Reyes Pabalate,2025-05-02,22:36:30,-07:00,2025-05-02T22:36:30-07:00,1,81
style.css,318,css,4c3100bd,John Wesley Delos Reyes Pabalate,2025-05-02,22:36:30,-07:00,2025-05-02T22:36:30-07:00,1,58
style.css,319,css,4c3100bd,John Wesley Delos Reyes Pabalate,2025-05-02,22:36:30,-07:00,2025-05-02T22:36:30-07:00,1,63
style.css,320,css,4c3100bd,John Wesley Delos Reyes Pabalate,2025-05-02,22:36:30,-07:00,2025-05-02T22:36:30-07:00,1,62
style.css,321,css,4c3100bd,John Wesley Delos Reyes Pabalate,2025-05-02,22:36:30,-07:00,2025-05-02T22:36:30-07:00,1,71
style.css,322,css,4c3100bd,John Wesley Delos Reyes Pabalate,2025-05-02,22:36:30,-07:00,2025-05-02T22:36:30-07:00,0,0
style.css,323,css,4c3100bd,John Wesley Delos Reyes Pabalate,2025-05-02,22:36:30,-07:00,2025-05-02T22:36:30-07:00,0,0
style.css,324,css,4c3100bd,John Wesley Delos Reyes Pabalate,2025-05-02,22:36:30,-07:00,2025-05-02T22:36:30-07:00,0,24
style.css,325,css,4c3100bd,John Wesley Delos Reyes Pabalate,2025-05-02,22:36:30,-07:00,2025-05-02T22:36:30-07:00,0,10
style.css,326,css,4c3100bd,John Wesley Delos Reyes Pabalate,2025-05-02,22:36:30,-07:00,2025-05-02T22:36:30-07:00,1,72
style.css,327,css,4c3100bd,John Wesley Delos Reyes Pabalate,2025-05-02,22:36:30,-07:00,2025-05-02T22:36:30-07:00,1,18
style.css,328,css,4c3100bd,John Wesley Delos Reyes Pabalate,2025-05-02,22:36:30,-07:00,2025-05-02T22:36:30-07:00,1,65
style.css,329,css,4c3100bd,John Wesley Delos Reyes Pabalate,2025-05-02,22:36:30,-07:00,2025-05-02T22:36:30-07:00,1,52
style.css,330,css,4c3100bd,John Wesley Delos Reyes Pabalate,2025-05-02,22:36:30,-07:00,2025-05-02T22:36:30-07:00,0,0
style.css,331,css,4c3100bd,John Wesley Delos Reyes Pabalate,2025-05-02,22:36:30,-07:00,2025-05-02T22:36:30-07:00,0,0
style.css,332,css,4c3100bd,John Wesley Delos Reyes Pabalate,2025-05-02,22:36:30,-07:00,2025-05-02T22:36:30-07:00,0,31
style.css,333,css,4c3100bd,John Wesley Delos Reyes Pabalate,2025-05-02,22:36:30,-07:00,2025-05-02T22:36:30-07:00,0,15
style.css,334,css,4c3100bd,John Wesley Delos Reyes Pabalate,2025-05-02,22:36:30,-07:00,2025-05-02T22:36:30-07:00,1,10
style.css,335,css,4c3100bd,John Wesley Delos Reyes Pabalate,2025-05-02,22:36:30,-07:00,2025-05-02T22:36:30-07:00,1,11
style.css,336,css,4c3100bd,John Wesley Delos Reyes Pabalate,2025-05-02,22:36:30,-07:00,2025-05-02T22:36:30-07:00,1,50
style.css,337,css,4c3100bd,John Wesley Delos Reyes Pabalate,2025-05-02,22:36:30,-07:00,2025-05-02T22:36:30-07:00,1,55
style.css,338,css,4c3100bd,John Wesley Delos Reyes Pabalate,2025-05-02,22:36:30,-07:00,2025-05-02T22:36:30-07:00,0,0
style.css,339,css,4c3100bd,John Wesley Delos Reyes Pabalate,2025-05-02,22:36:30,-07:00,2025-05-02T22:36:30-07:00,0,0
style.css,340,css,4c3100bd,John Wesley Delos Reyes Pabalate,2025-05-02,22:36:30,-07:00,2025-05-02T22:36:30-07:00,0,29
style.css,341,css,4c3100bd,John Wesley Delos Reyes Pabalate,2025-05-02,22:36:30,-07:00,2025-05-02T22:36:30-07:00,1,58
style.css,342,css,4c3100bd,John Wesley Delos Reyes Pabalate,2025-05-02,22:36:30,-07:00,2025-05-02T22:36:30-07:00,1,47
style.css,343,css,4c3100bd,John Wesley Delos Reyes Pabalate,2025-05-02,22:36:30,-07:00,2025-05-02T22:36:30-07:00,0,0
style.css,344,css,4c3100bd,John Wesley Delos Reyes Pabalate,2025-05-02,22:36:30,-07:00,2025-05-02T22:36:30-07:00,0,0
style.css,345,css,4c3100bd,John Wesley Delos Reyes Pabalate,2025-05-02,22:36:30,-07:00,2025-05-02T22:36:30-07:00,0,29
style.css,346,css,4c3100bd,John Wesley Delos Reyes Pabalate,2025-05-02,22:36:30,-07:00,2025-05-02T22:36:30-07:00,1,64
style.css,347,css,4c3100bd,John Wesley Delos Reyes Pabalate,2025-05-02,22:36:30,-07:00,2025-05-02T22:36:30-07:00,0,0
style.css,348,css,4c3100bd,John Wesley Delos Reyes Pabalate,2025-05-02,22:36:30,-07:00,2025-05-02T22:36:30-07:00,0,0
style.css,349,css,4c3100bd,John Wesley Delos Reyes Pabalate,2025-05-02,22:36:30,-07:00,2025-05-02T22:36:30-07:00,0,43
style.css,350,css,4c3100bd,John Wesley Delos Reyes Pabalate,2025-05-02,22:36:30,-07:00,2025-05-02T22:36:30-07:00,0,9
style.css,351,css,4c3100bd,John Wesley Delos Reyes Pabalate,2025-05-02,22:36:30,-07:00,2025-05-02T22:36:30-07:00,1,66
style.css,352,css,4c3100bd,John Wesley Delos Reyes Pabalate,2025-05-02,22:36:30,-07:00,2025-05-02T22:36:30-07:00,0,0
style.css,353,css,4c3100bd,John Wesley Delos Reyes Pabalate,2025-05-02,22:36:30,-07:00,2025-05-02T22:36:30-07:00,0,0
style.css,354,css,4c3100bd,John Wesley Delos Reyes Pabalate,2025-05-02,22:36:30,-07:00,2025-05-02T22:36:30-07:00,0,33
style.css,355,css,4c3100bd,John Wesley Delos Reyes Pabalate,2025-05-02,22:36:30,-07:00,2025-05-02T22:36:30-07:00,1,61
style.css,356,css,4c3100bd,John Wesley Delos Reyes Pabalate,2025-05-02,22:36:30,-07:00,2025-05-02T22:36:30-07:00,0,0
style.css,357,css,4c3100bd,John Wesley Delos Reyes Pabalate,2025-05-02,22:36:30,-07:00,2025-05-02T22:36:30-07:00,0,0
style.css,358,css,4c3100bd,John Wesley Delos Reyes Pabalate,2025-05-02,22:36:30,-07:00,2025-05-02T22:36:30-07:00,0,19
style.css,359,css,4c3100bd,John Wesley Delos Reyes Pabalate,2025-05-02,22:36:30,-07:00,2025-05-02T22:36:30-07:00,1,16
style.css,360,css,4c3100bd,John Wesley Delos Reyes Pabalate,2025-05-02,22:36:30,-07:00,2025-05-02T22:36:30-07:00,1,65
style.css,361,css,4c3100bd,John Wesley Delos Reyes Pabalate,2025-05-02,22:36:30,-07:00,2025-05-02T22:36:30-07:00,0,0
style.css,362,css,4c3100bd,John Wesley Delos Reyes Pabalate,2025-05-02,22:36:30,-07:00,2025-05-02T22:36:30-07:00,0,0
style.css,363,css,4c3100bd,John Wesley Delos Reyes Pabalate,2025-05-02,22:36:30,-07:00,2025-05-02T22:36:30-07:00,0,39
style.css,364,css,4c3100bd,John Wesley Delos Reyes Pabalate,2025-05-02,22:36:30,-07:00,2025-05-02T22:36:30-07:00,0,4
style.css,365,css,4c3100bd,John Wesley Delos Reyes Pabalate,2025-05-02,22:36:30,-07:00,2025-05-02T22:36:30-07:00,1,14
style.css,366,css,4c3100bd,John Wesley Delos Reyes Pabalate,2025-05-02,22:36:30,-07:00,2025-05-02T22:36:30-07:00,0,0
index.js,1,js,12c4691b,John Wesley Delos Reyes Pabalate,2025-04-25,20:44:44,-07:00,2025-04-25T20:44:44-07:00,0,71
index.js,2,js,12c4691b,John Wesley Delos Reyes Pabalate,2025-04-25,20:44:44,-07:00,2025-04-25T20:44:44-07:00,0,0
index.js,3,js,12c4691b,John Wesley Delos Reyes Pabalate,2025-04-25,20:44:44,-07:00,2025-04-25T20:44:44-07:00,0,12
index.js,4,js,12c4691b,John Wesley Delos Reyes Pabalate,2025-04-25,20:44:44,-07:00,2025-04-25T20:44:44-07:00,1,3
index.js,5,js,12c4691b,John Wesley Delos Reyes Pabalate,2025-04-25,20:44:44,-07:00,2025-04-25T20:44:44-07:00,2,36
index.js,6,js,12c4691b,John Wesley Delos Reyes Pabalate,2025-04-25,20:44:44,-07:00,2025-04-25T20:44:44-07:00,2,54
index.js,7,js,12c4691b,John Wesley Delos Reyes Pabalate,2025-04-25,20:44:44,-07:00,2025-04-25T20:44:44-07:00,2,42
index.js,8,js,12c4691b,John Wesley Delos Reyes Pabalate,2025-04-25,20:44:44,-07:00,2025-04-25T20:44:44-07:00,2,60
index.js,9,js,12c4691b,John Wesley Delos Reyes Pabalate,2025-04-25,20:44:44,-07:00,2025-04-25T20:44:44-07:00,2,54
index.js,10,js,12c4691b,John Wesley Delos Reyes Pabalate,2025-04-25,20:44:44,-07:00,2025-04-25T20:44:44-07:00,0,0
index.js,11,js,12c4691b,John Wesley Delos Reyes Pabalate,2025-04-25,20:44:44,-07:00,2025-04-25T20:44:44-07:00,2,31
index.js,12,js,12c4691b,John Wesley Delos Reyes Pabalate,2025-04-25,20:44:44,-07:00,2025-04-25T20:44:44-07:00,2,55
index.js,13,js,12c4691b,John Wesley Delos Reyes Pabalate,2025-04-25,20:44:44,-07:00,2025-04-25T20:44:44-07:00,2,60
index.js,14,js,12c4691b,John Wesley Delos Reyes Pabalate,2025-04-25,20:44:44,-07:00,2025-04-25T20:44:44-07:00,0,0
index.js,15,js,12c4691b,John Wesley Delos Reyes Pabalate,2025-04-25,20:44:44,-07:00,2025-04-25T20:44:44-07:00,2,31
index.js,16,js,12c4691b,John Wesley Delos Reyes Pabalate,2025-04-25,20:44:44,-07:00,2025-04-25T20:44:44-07:00,4,24
index.js,17,js,12c4691b,John Wesley Delos Reyes Pabalate,2025-04-25,20:44:44,-07:00,2025-04-25T20:44:44-07:00,5,48
index.js,18,js,12c4691b,John Wesley Delos Reyes Pabalate,2025-04-25,20:44:44,-07:00,2025-04-25T20:44:44-07:00,5,48
index.js,19,js,12c4691b,John Wesley Delos Reyes Pabalate,2025-04-25,20:44:44,-07:00,2025-04-25T20:44:44-07:00,5,54
index.js,20,js,12c4691b,John Wesley Delos Reyes Pabalate,2025-04-25,20:44:44,-07:00,2025-04-25T20:44:44-07:00,5,54
index.js,21,js,12c4691b,John Wesley Delos Reyes Pabalate,2025-04-25,20:44:44,-07:00,2025-04-25T20:44:44-07:00,4,0
index.js,22,js,12c4691b,John Wesley Delos Reyes Pabalate,2025-04-25,20:44:44,-07:00,2025-04-25T20:44:44-07:00,3,0
index.js,23,js,12c4691b,John Wesley Delos Reyes Pabalate,2025-04-25,20:44:44,-07:00,2025-04-25T20:44:44-07:00,1,15
index.js,24,js,12c4691b,John Wesley Delos Reyes Pabalate,2025-04-25,20:44:44,-07:00,2025-04-25T20:44:44-07:00,2,48
index.js,25,js,12c4691b,John Wesley Delos Reyes Pabalate,2025-04-25,20:44:44,-07:00,2025-04-25T20:44:44-07:00,1,0
index.js,26,js,12c4691b,John Wesley Delos Reyes Pabalate,2025-04-25,20:44:44,-07:00,2025-04-25T20:44:44-07:00,0,3
index.html,1,html,d73d3c22,John Wesley Delos Reyes Pabalate,2025-04-04,21:38:33,-07:00,2025-04-04T21:38:33-07:00,0,13
index.html,2,html,d73d3c22,John Wesley Delos Reyes Pabalate,2025-04-04,21:38:33,-07:00,2025-04-04T21:38:33-07:00,0,14
index.html,3,html,d73d3c22,John Wesley Delos Reyes Pabalate,2025-04-04,21:38:33,-07:00,2025-04-04T21:38:33-07:00,0,4
index.html,4,html,12c4691b,John Wesley Delos Reyes Pabalate,2025-04-25,20:44:44,-07:00,2025-04-25T20:44:44-07:00,1,20
index.html,5,html,2beec35e,John Wesley Delos Reyes Pabalate,2025-04-18,22:40:17,-07:00,2025-04-18T22:40:17-07:00,1,62
index.html,6,html,12c4691b,John Wesley Delos Reyes Pabalate,2025-04-25,20:44:44,-07:00,2025-04-25T20:44:44-07:00,1,38
index.html,7,html,d73d3c22,John Wesley Delos Reyes Pabalate,2025-04-04,21:38:33,-07:00,2025-04-04T21:38:33-07:00,0,5
index.html,8,html,d73d3c22,John Wesley Delos Reyes Pabalate,2025-04-04,21:38:33,-07:00,2025-04-04T21:38:33-07:00,0,4
index.html,9,html,099afcea,John Wesley Delos Reyes Pabalate,2025-04-04,23:23:12,-07:00,2025-04-04T23:23:12-07:00,0,0
index.html,10,html,2beec35e,John Wesley Delos Reyes Pabalate,2025-04-18,22:40:17,-07:00,2025-04-18T22:40:17-07:00,1,27
index.html,11,html,12c4691b,John Wesley Delos Reyes Pabalate,2025-04-25,20:44:44,-07:00,2025-04-25T20:44:44-07:00,1,1
index.html,12,html,12c4691b,John Wesley Delos Reyes Pabalate,2025-04-25,20:44:44,-07:00,2025-04-25T20:44:44-07:00,2,202
index.html,13,html,12c4691b,John Wesley Delos Reyes Pabalate,2025-04-25,20:44:44,-07:00,2025-04-25T20:44:44-07:00,1,2
index.html,14,html,2beec35e,John Wesley Delos Reyes Pabalate,2025-04-18,22:40:17,-07:00,2025-04-18T22:40:17-07:00,1,86
index.html,15,html,2beec35e,John Wesley Delos Reyes Pabalate,2025-04-18,22:40:17,-07:00,2025-04-18T22:40:17-07:00,0,0
index.html,16,html,12c4691b,John Wesley Delos Reyes Pabalate,2025-04-25,20:44:44,-07:00,2025-04-25T20:44:44-07:00,1,22
index.html,17,html,12c4691b,John Wesley Delos Reyes Pabalate,2025-04-25,20:44:44,-07:00,2025-04-25T20:44:44-07:00,1,26
index.html,18,html,12c4691b,John Wesley Delos Reyes Pabalate,2025-04-25,20:44:44,-07:00,2025-04-25T20:44:44-07:00,0,0
index.html,19,html,12c4691b,John Wesley Delos Reyes Pabalate,2025-04-25,20:44:44,-07:00,2025-04-25T20:44:44-07:00,1,22
index.html,20,html,12c4691b,John Wesley Delos Reyes Pabalate,2025-04-25,20:44:44,-07:00,2025-04-25T20:44:44-07:00,0,42
index.html,21,html,12c4691b,John Wesley Delos Reyes Pabalate,2025-04-25,20:44:44,-07:00,2025-04-25T20:44:44-07:00,0,3
index.html,22,html,12c4691b,John Wesley Delos Reyes Pabalate,2025-04-25,20:44:44,-07:00,2025-04-25T20:44:44-07:00,0,0
index.html,23,html,12c4691b,John Wesley Delos Reyes Pabalate,2025-04-25,20:44:44,-07:00,2025-04-25T20:44:44-07:00,1,55
index.html,24,html,12c4691b,John Wesley Delos Reyes Pabalate,2025-04-25,20:44:44,-07:00,2025-04-25T20:44:44-07:00,1,44
index.html,25,html,d73d3c22,John Wesley Delos Reyes Pabalate,2025-04-04,21:38:33,-07:00,2025-04-04T21:38:33-07:00,0,5
index.html,26,html,2beec35e,John Wesley Delos Reyes Pabalate,2025-04-18,22:40:17,-07:00,2025-04-18T22:40:17-07:00,0,5
global.js,1,js,2beec35e,John Wesley Delos Reyes Pabalate,2025-04-18,22:40:17,-07:00,2025-04-18T22:40:17-07:00,0,25
global.js,2,js,2beec35e,John Wesley Delos Reyes Pabalate,2025-04-18,22:40:17,-07:00,2025-04-18T22:40:17-07:00,0,0
global.js,3,js,12c4691b,John Wesley Delos Reyes Pabalate,2025-04-25,20:44:44,-07:00,2025-04-25T20:44:44-07:00,0,8
global.js,4,js,2beec35e,John Wesley Delos Reyes Pabalate,2025-04-18,22:40:17,-07:00,2025-04-18T22:40:17-07:00,0,41
global.js,5,js,2beec35e,John Wesley Delos Reyes Pabalate,2025-04-18,22:40:17,-07:00,2025-04-18T22:40:17-07:00,1,52
global.js,6,js,2beec35e,John Wesley Delos Reyes Pabalate,2025-04-18,22:40:17,-07:00,2025-04-18T22:40:17-07:00,0,0
global.js,7,js,2beec35e,John Wesley Delos Reyes Pabalate,2025-04-18,22:40:17,-07:00,2025-04-18T22:40:17-07:00,0,0
global.js,8,js,12c4691b,John Wesley Delos Reyes Pabalate,2025-04-25,20:44:44,-07:00,2025-04-25T20:44:44-07:00,0,11
global.js,9,js,2beec35e,John Wesley Delos Reyes Pabalate,2025-04-18,22:40:17,-07:00,2025-04-18T22:40:17-07:00,0,13
global.js,10,js,2beec35e,John Wesley Delos Reyes Pabalate,2025-04-18,22:40:17,-07:00,2025-04-18T22:40:17-07:00,1,25
global.js,11,js,2beec35e,John Wesley Delos Reyes Pabalate,2025-04-18,22:40:17,-07:00,2025-04-18T22:40:17-07:00,1,38
global.js,12,js,2beec35e,John Wesley Delos Reyes Pabalate,2025-04-18,22:40:17,-07:00,2025-04-18T22:40:17-07:00,1,36
global.js,13,js,2beec35e,John Wesley Delos Reyes Pabalate,2025-04-18,22:40:17,-07:00,2025-04-18T22:40:17-07:00,1,26
global.js,14,js,00000000,Not Committed Yet,2025-05-10,19:23:04,-07:00,2025-05-10T19:23:04-07:00,1,30
global.js,15,js,2beec35e,John Wesley Delos Reyes Pabalate,2025-04-18,22:40:17,-07:00,2025-04-18T22:40:17-07:00,1,57
global.js,16,js,2beec35e,John Wesley Delos Reyes Pabalate,2025-04-18,22:40:17,-07:00,2025-04-18T22:40:17-07:00,0,0
global.js,17,js,2beec35e,John Wesley Delos Reyes Pabalate,2025-04-18,22:40:17,-07:00,2025-04-18T22:40:17-07:00,0,0
global.js,18,js,12c4691b,John Wesley Delos Reyes Pabalate,2025-04-25,20:44:44,-07:00,2025-04-25T20:44:44-07:00,0,98
global.js,19,js,12c4691b,John Wesley Delos Reyes Pabalate,2025-04-25,20:44:44,-07:00,2025-04-25T20:44:44-07:00,1,3
global.js,20,js,12c4691b,John Wesley Delos Reyes Pabalate,2025-04-25,20:44:44,-07:00,2025-04-25T20:44:44-07:00,1,14
global.js,21,js,2beec35e,John Wesley Delos Reyes Pabalate,2025-04-18,22:40:17,-07:00,2025-04-18T22:40:17-07:00,0,0
global.js,22,js,2beec35e,John Wesley Delos Reyes Pabalate,2025-04-18,22:40:17,-07:00,2025-04-18T22:40:17-07:00,0,40
global.js,23,js,2beec35e,John Wesley Delos Reyes Pabalate,2025-04-18,22:40:17,-07:00,2025-04-18T22:40:17-07:00,0,25
global.js,24,js,2beec35e,John Wesley Delos Reyes Pabalate,2025-04-18,22:40:17,-07:00,2025-04-18T22:40:17-07:00,0,0
global.js,25,js,2beec35e,John Wesley Delos Reyes Pabalate,2025-04-18,22:40:17,-07:00,2025-04-18T22:40:17-07:00,0,20
global.js,26,js,2beec35e,John Wesley Delos Reyes Pabalate,2025-04-18,22:40:17,-07:00,2025-04-18T22:40:17-07:00,1,14
global.js,27,js,2beec35e,John Wesley Delos Reyes Pabalate,2025-04-18,22:40:17,-07:00,2025-04-18T22:40:17-07:00,1,28
global.js,28,js,2beec35e,John Wesley Delos Reyes Pabalate,2025-04-18,22:40:17,-07:00,2025-04-18T22:40:17-07:00,2,20
global.js,29,js,2beec35e,John Wesley Delos Reyes Pabalate,2025-04-18,22:40:17,-07:00,2025-04-18T22:40:17-07:00,1,0
global.js,30,js,2beec35e,John Wesley Delos Reyes Pabalate,2025-04-18,22:40:17,-07:00,2025-04-18T22:40:17-07:00,0,0
global.js,31,js,2beec35e,John Wesley Delos Reyes Pabalate,2025-04-18,22:40:17,-07:00,2025-04-18T22:40:17-07:00,1,36
global.js,32,js,2beec35e,John Wesley Delos Reyes Pabalate,2025-04-18,22:40:17,-07:00,2025-04-18T22:40:17-07:00,1,11
global.js,33,js,2beec35e,John Wesley Delos Reyes Pabalate,2025-04-18,22:40:17,-07:00,2025-04-18T22:40:17-07:00,1,22
global.js,34,js,12c4691b,John Wesley Delos Reyes Pabalate,2025-04-25,20:44:44,-07:00,2025-04-25T20:44:44-07:00,1,90
global.js,35,js,12c4691b,John Wesley Delos Reyes Pabalate,2025-04-25,20:44:44,-07:00,2025-04-25T20:44:44-07:00,1,52
global.js,36,js,12c4691b,John Wesley Delos Reyes Pabalate,2025-04-25,20:44:44,-07:00,2025-04-25T20:44:44-07:00,1,12
global.js,37,js,12c4691b,John Wesley Delos Reyes Pabalate,2025-04-25,20:44:44,-07:00,2025-04-25T20:44:44-07:00,0,0
global.js,38,js,2beec35e,John Wesley Delos Reyes Pabalate,2025-04-18,22:40:17,-07:00,2025-04-18T22:40:17-07:00,0,0
global.js,39,js,12c4691b,John Wesley Delos Reyes Pabalate,2025-04-25,20:44:44,-07:00,2025-04-25T20:44:44-07:00,0,31
global.js,40,js,12c4691b,John Wesley Delos Reyes Pabalate,2025-04-25,20:44:44,-07:00,2025-04-25T20:44:44-07:00,1,11
global.js,41,js,12c4691b,John Wesley Delos Reyes Pabalate,2025-04-25,20:44:44,-07:00,2025-04-25T20:44:44-07:00,1,0
global.js,42,js,12c4691b,John Wesley Delos Reyes Pabalate,2025-04-25,20:44:44,-07:00,2025-04-25T20:44:44-07:00,2,26
global.js,43,js,12c4691b,John Wesley Delos Reyes Pabalate,2025-04-25,20:44:44,-07:00,2025-04-25T20:44:44-07:00,3,4
global.js,44,js,12c4691b,John Wesley Delos Reyes Pabalate,2025-04-25,20:44:44,-07:00,2025-04-25T20:44:44-07:00,3,24
global.js,45,js,12c4691b,John Wesley Delos Reyes Pabalate,2025-04-25,20:44:44,-07:00,2025-04-25T20:44:44-07:00,4,37
global.js,46,js,12c4691b,John Wesley Delos Reyes Pabalate,2025-04-25,20:44:44,-07:00,2025-04-25T20:44:44-07:00,4,34
global.js,47,js,12c4691b,John Wesley Delos Reyes Pabalate,2025-04-25,20:44:44,-07:00,2025-04-25T20:44:44-07:00,4,32
global.js,48,js,12c4691b,John Wesley Delos Reyes Pabalate,2025-04-25,20:44:44,-07:00,2025-04-25T20:44:44-07:00,3,7
global.js,49,js,12c4691b,John Wesley Delos Reyes Pabalate,2025-04-25,20:44:44,-07:00,2025-04-25T20:44:44-07:00,2,6
global.js,50,js,12c4691b,John Wesley Delos Reyes Pabalate,2025-04-25,20:44:44,-07:00,2025-04-25T20:44:44-07:00,1,0
global.js,51,js,12c4691b,John Wesley Delos Reyes Pabalate,2025-04-25,20:44:44,-07:00,2025-04-25T20:44:44-07:00,0,0
global.js,52,js,2beec35e,John Wesley Delos Reyes Pabalate,2025-04-18,22:40:17,-07:00,2025-04-18T22:40:17-07:00,0,0
global.js,53,js,12c4691b,John Wesley Delos Reyes Pabalate,2025-04-25,20:44:44,-07:00,2025-04-25T20:44:44-07:00,0,58
global.js,54,js,12c4691b,John Wesley Delos Reyes Pabalate,2025-04-25,20:44:44,-07:00,2025-04-25T20:44:44-07:00,0,36
global.js,55,js,2beec35e,John Wesley Delos Reyes Pabalate,2025-04-18,22:40:17,-07:00,2025-04-18T22:40:17-07:00,0,0
global.js,56,js,12c4691b,John Wesley Delos Reyes Pabalate,2025-04-25,20:44:44,-07:00,2025-04-25T20:44:44-07:00,0,57
global.js,57,js,12c4691b,John Wesley Delos Reyes Pabalate,2025-04-25,20:44:44,-07:00,2025-04-25T20:44:44-07:00,0,29
global.js,58,js,12c4691b,John Wesley Delos Reyes Pabalate,2025-04-25,20:44:44,-07:00,2025-04-25T20:44:44-07:00,0,21
global.js,59,js,12c4691b,John Wesley Delos Reyes Pabalate,2025-04-25,20:44:44,-07:00,2025-04-25T20:44:44-07:00,0,0
global.js,60,js,12c4691b,John Wesley Delos Reyes Pabalate,2025-04-25,20:44:44,-07:00,2025-04-25T20:44:44-07:00,0,44
global.js,61,js,12c4691b,John Wesley Delos Reyes Pabalate,2025-04-25,20:44:44,-07:00,2025-04-25T20:44:44-07:00,1,33
global.js,62,js,12c4691b,John Wesley Delos Reyes Pabalate,2025-04-25,20:44:44,-07:00,2025-04-25T20:44:44-07:00,1,38
global.js,63,js,12c4691b,John Wesley Delos Reyes Pabalate,2025-04-25,20:44:44,-07:00,2025-04-25T20:44:44-07:00,1,19
global.js,64,js,12c4691b,John Wesley Delos Reyes Pabalate,2025-04-25,20:44:44,-07:00,2025-04-25T20:44:44-07:00,0,1
global.js,65,js,12c4691b,John Wesley Delos Reyes Pabalate,2025-04-25,20:44:44,-07:00,2025-04-25T20:44:44-07:00,0,0
global.js,66,js,12c4691b,John Wesley Delos Reyes Pabalate,2025-04-25,20:44:44,-07:00,2025-04-25T20:44:44-07:00,0,25
global.js,67,js,12c4691b,John Wesley Delos Reyes Pabalate,2025-04-25,20:44:44,-07:00,2025-04-25T20:44:44-07:00,1,20
global.js,68,js,12c4691b,John Wesley Delos Reyes Pabalate,2025-04-25,20:44:44,-07:00,2025-04-25T20:44:44-07:00,2,33
global.js,69,js,12c4691b,John Wesley Delos Reyes Pabalate,2025-04-25,20:44:44,-07:00,2025-04-25T20:44:44-07:00,1,6
global.js,70,js,12c4691b,John Wesley Delos Reyes Pabalate,2025-04-25,20:44:44,-07:00,2025-04-25T20:44:44-07:00,2,36
global.js,71,js,12c4691b,John Wesley Delos Reyes Pabalate,2025-04-25,20:44:44,-07:00,2025-04-25T20:44:44-07:00,1,0
global.js,72,js,2beec35e,John Wesley Delos Reyes Pabalate,2025-04-18,22:40:17,-07:00,2025-04-18T22:40:17-07:00,0,0
global.js,73,js,2beec35e,John Wesley Delos Reyes Pabalate,2025-04-18,22:40:17,-07:00,2025-04-18T22:40:17-07:00,0,0
global.js,74,js,12c4691b,John Wesley Delos Reyes Pabalate,2025-04-25,20:44:44,-07:00,2025-04-25T20:44:44-07:00,0,23
global.js,75,js,12c4691b,John Wesley Delos Reyes Pabalate,2025-04-25,20:44:44,-07:00,2025-04-25T20:44:44-07:00,0,36
global.js,76,js,12c4691b,John Wesley Delos Reyes Pabalate,2025-04-25,20:44:44,-07:00,2025-04-25T20:44:44-07:00,1,3
global.js,77,js,12c4691b,John Wesley Delos Reyes Pabalate,2025-04-25,20:44:44,-07:00,2025-04-25T20:44:44-07:00,2,32
global.js,78,js,12c4691b,John Wesley Delos Reyes Pabalate,2025-04-25,20:44:44,-07:00,2025-04-25T20:44:44-07:00,2,75
global.js,79,js,12c4691b,John Wesley Delos Reyes Pabalate,2025-04-25,20:44:44,-07:00,2025-04-25T20:44:44-07:00,2,27
global.js,80,js,12c4691b,John Wesley Delos Reyes Pabalate,2025-04-25,20:44:44,-07:00,2025-04-25T20:44:44-07:00,1,13
global.js,81,js,12c4691b,John Wesley Delos Reyes Pabalate,2025-04-25,20:44:44,-07:00,2025-04-25T20:44:44-07:00,2,33
global.js,82,js,12c4691b,John Wesley Delos Reyes Pabalate,2025-04-25,20:44:44,-07:00,2025-04-25T20:44:44-07:00,1,0
global.js,83,js,12c4691b,John Wesley Delos Reyes Pabalate,2025-04-25,20:44:44,-07:00,2025-04-25T20:44:44-07:00,0,0
global.js,84,js,2beec35e,John Wesley Delos Reyes Pabalate,2025-04-18,22:40:17,-07:00,2025-04-18T22:40:17-07:00,0,0
global.js,85,js,12c4691b,John Wesley Delos Reyes Pabalate,2025-04-25,20:44:44,-07:00,2025-04-25T20:44:44-07:00,0,27
global.js,86,js,12c4691b,John Wesley Delos Reyes Pabalate,2025-04-25,20:44:44,-07:00,2025-04-25T20:44:44-07:00,0,47
global.js,87,js,12c4691b,John Wesley Delos Reyes Pabalate,2025-04-25,20:44:44,-07:00,2025-04-25T20:44:44-07:00,1,3
global.js,88,js,12c4691b,John Wesley Delos Reyes Pabalate,2025-04-25,20:44:44,-07:00,2025-04-25T20:44:44-07:00,2,71
global.js,89,js,12c4691b,John Wesley Delos Reyes Pabalate,2025-04-25,20:44:44,-07:00,2025-04-25T20:44:44-07:00,2,72
global.js,90,js,12c4691b,John Wesley Delos Reyes Pabalate,2025-04-25,20:44:44,-07:00,2025-04-25T20:44:44-07:00,2,27
global.js,91,js,12c4691b,John Wesley Delos Reyes Pabalate,2025-04-25,20:44:44,-07:00,2025-04-25T20:44:44-07:00,1,13
global.js,92,js,12c4691b,John Wesley Delos Reyes Pabalate,2025-04-25,20:44:44,-07:00,2025-04-25T20:44:44-07:00,2,40
global.js,93,js,2beec35e,John Wesley Delos Reyes Pabalate,2025-04-18,22:40:17,-07:00,2025-04-18T22:40:17-07:00,1,0
global.js,94,js,12c4691b,John Wesley Delos Reyes Pabalate,2025-04-25,20:44:44,-07:00,2025-04-25T20:44:44-07:00,0,0
global.js,95,js,12c4691b,John Wesley Delos Reyes Pabalate,2025-04-25,20:44:44,-07:00,2025-04-25T20:44:44-07:00,0,0
global.js,96,js,12c4691b,John Wesley Delos Reyes Pabalate,2025-04-25,20:44:44,-07:00,2025-04-25T20:44:44-07:00,0,26
global.js,97,js,12c4691b,John Wesley Delos Reyes Pabalate,2025-04-25,20:44:44,-07:00,2025-04-25T20:44:44-07:00,0,79
global.js,98,js,12c4691b,John Wesley Delos Reyes Pabalate,2025-04-25,20:44:44,-07:00,2025-04-25T20:44:44-07:00,1,29
global.js,99,js,12c4691b,John Wesley Delos Reyes Pabalate,2025-04-25,20:44:44,-07:00,2025-04-25T20:44:44-07:00,2,49
global.js,100,js,12c4691b,John Wesley Delos Reyes Pabalate,2025-04-25,20:44:44,-07:00,2025-04-25T20:44:44-07:00,2,5
global.js,101,js,12c4691b,John Wesley Delos Reyes Pabalate,2025-04-25,20:44:44,-07:00,2025-04-25T20:44:44-07:00,1,0
global.js,102,js,12c4691b,John Wesley Delos Reyes Pabalate,2025-04-25,20:44:44,-07:00,2025-04-25T20:44:44-07:00,0,0
global.js,103,js,12c4691b,John Wesley Delos Reyes Pabalate,2025-04-25,20:44:44,-07:00,2025-04-25T20:44:44-07:00,1,22
global.js,104,js,12c4691b,John Wesley Delos Reyes Pabalate,2025-04-25,20:44:44,-07:00,2025-04-25T20:44:44-07:00,2,42
global.js,105,js,12c4691b,John Wesley Delos Reyes Pabalate,2025-04-25,20:44:44,-07:00,2025-04-25T20:44:44-07:00,2,5
global.js,106,js,12c4691b,John Wesley Delos Reyes Pabalate,2025-04-25,20:44:44,-07:00,2025-04-25T20:44:44-07:00,1,0
global.js,107,js,12c4691b,John Wesley Delos Reyes Pabalate,2025-04-25,20:44:44,-07:00,2025-04-25T20:44:44-07:00,0,0
global.js,108,js,12c4691b,John Wesley Delos Reyes Pabalate,2025-04-25,20:44:44,-07:00,2025-04-25T20:44:44-07:00,1,30
global.js,109,js,12c4691b,John Wesley Delos Reyes Pabalate,2025-04-25,20:44:44,-07:00,2025-04-25T20:44:44-07:00,0,0
global.js,110,js,12c4691b,John Wesley Delos Reyes Pabalate,2025-04-25,20:44:44,-07:00,2025-04-25T20:44:44-07:00,1,26
global.js,111,js,12c4691b,John Wesley Delos Reyes Pabalate,2025-04-25,20:44:44,-07:00,2025-04-25T20:44:44-07:00,2,69
global.js,112,js,12c4691b,John Wesley Delos Reyes Pabalate,2025-04-25,20:44:44,-07:00,2025-04-25T20:44:44-07:00,2,5
global.js,113,js,12c4691b,John Wesley Delos Reyes Pabalate,2025-04-25,20:44:44,-07:00,2025-04-25T20:44:44-07:00,1,0
global.js,114,js,12c4691b,John Wesley Delos Reyes Pabalate,2025-04-25,20:44:44,-07:00,2025-04-25T20:44:44-07:00,0,0
global.js,115,js,12c4691b,John Wesley Delos Reyes Pabalate,2025-04-25,20:44:44,-07:00,2025-04-25T20:44:44-07:00,1,31
global.js,116,js,12c4691b,John Wesley Delos Reyes Pabalate,2025-04-25,20:44:44,-07:00,2025-04-25T20:44:44-07:00,2,48
global.js,117,js,12c4691b,John Wesley Delos Reyes Pabalate,2025-04-25,20:44:44,-07:00,2025-04-25T20:44:44-07:00,2,19
global.js,118,js,12c4691b,John Wesley Delos Reyes Pabalate,2025-04-25,20:44:44,-07:00,2025-04-25T20:44:44-07:00,3,71
global.js,119,js,12c4691b,John Wesley Delos Reyes Pabalate,2025-04-25,20:44:44,-07:00,2025-04-25T20:44:44-07:00,3,52
global.js,120,js,12c4691b,John Wesley Delos Reyes Pabalate,2025-04-25,20:44:44,-07:00,2025-04-25T20:44:44-07:00,3,103
global.js,121,js,12c4691b,John Wesley Delos Reyes Pabalate,2025-04-25,20:44:44,-07:00,2025-04-25T20:44:44-07:00,3,58
global.js,122,js,12c4691b,John Wesley Delos Reyes Pabalate,2025-04-25,20:44:44,-07:00,2025-04-25T20:44:44-07:00,2,0
global.js,123,js,12c4691b,John Wesley Delos Reyes Pabalate,2025-04-25,20:44:44,-07:00,2025-04-25T20:44:44-07:00,2,36
global.js,124,js,12c4691b,John Wesley Delos Reyes Pabalate,2025-04-25,20:44:44,-07:00,2025-04-25T20:44:44-07:00,1,0
global.js,125,js,12c4691b,John Wesley Delos Reyes Pabalate,2025-04-25,20:44:44,-07:00,2025-04-25T20:44:44-07:00,0,0
projects/projects.js,1,js,12c4691b,John Wesley Delos Reyes Pabalate,2025-04-25,20:44:44,-07:00,2025-04-25T20:44:44-07:00,0,55
projects/projects.js,2,js,4c3100bd,John Wesley Delos Reyes Pabalate,2025-05-02,22:36:30,-07:00,2025-05-02T22:36:30-07:00,0,63
projects/projects.js,3,js,12c4691b,John Wesley Delos Reyes Pabalate,2025-04-25,20:44:44,-07:00,2025-04-25T20:44:44-07:00,0,0
projects/projects.js,4,js,12c4691b,John Wesley Delos Reyes Pabalate,2025-04-25,20:44:44,-07:00,2025-04-25T20:44:44-07:00,0,12
projects/projects.js,5,js,12c4691b,John Wesley Delos Reyes Pabalate,2025-04-25,20:44:44,-07:00,2025-04-25T20:44:44-07:00,1,3
projects/projects.js,6,js,4c3100bd,John Wesley Delos Reyes Pabalate,2025-05-02,22:36:30,-07:00,2025-05-02T22:36:30-07:00,2,19
projects/projects.js,7,js,12c4691b,John Wesley Delos Reyes Pabalate,2025-04-25,20:44:44,-07:00,2025-04-25T20:44:44-07:00,2,55
projects/projects.js,8,js,12c4691b,John Wesley Delos Reyes Pabalate,2025-04-25,20:44:44,-07:00,2025-04-25T20:44:44-07:00,2,60
projects/projects.js,9,js,12c4691b,John Wesley Delos Reyes Pabalate,2025-04-25,20:44:44,-07:00,2025-04-25T20:44:44-07:00,0,0
projects/projects.js,10,js,4c3100bd,John Wesley Delos Reyes Pabalate,2025-05-02,22:36:30,-07:00,2025-05-02T22:36:30-07:00,2,32
projects/projects.js,11,js,12c4691b,John Wesley Delos Reyes Pabalate,2025-04-25,20:44:44,-07:00,2025-04-25T20:44:44-07:00,2,48
projects/projects.js,12,js,4c3100bd,John Wesley Delos Reyes Pabalate,2025-05-02,22:36:30,-07:00,2025-05-02T22:36:30-07:00,0,0
projects/projects.js,13,js,4c3100bd,John Wesley Delos Reyes Pabalate,2025-05-02,22:36:30,-07:00,2025-05-02T22:36:30-07:00,2,39
projects/projects.js,14,js,4c3100bd,John Wesley Delos Reyes Pabalate,2025-05-02,22:36:30,-07:00,2025-05-02T22:36:30-07:00,2,21
projects/projects.js,15,js,4c3100bd,John Wesley Delos Reyes Pabalate,2025-05-02,22:36:30,-07:00,2025-05-02T22:36:30-07:00,2,57
projects/projects.js,16,js,4c3100bd,John Wesley Delos Reyes Pabalate,2025-05-02,22:36:30,-07:00,2025-05-02T22:36:30-07:00,0,0
projects/projects.js,17,js,4c3100bd,John Wesley Delos Reyes Pabalate,2025-05-02,22:36:30,-07:00,2025-05-02T22:36:30-07:00,2,60
projects/projects.js,18,js,4c3100bd,John Wesley Delos Reyes Pabalate,2025-05-02,22:36:30,-07:00,2025-05-02T22:36:30-07:00,2,38
projects/projects.js,19,js,4c3100bd,John Wesley Delos Reyes Pabalate,2025-05-02,22:36:30,-07:00,2025-05-02T22:36:30-07:00,3,25
projects/projects.js,20,js,4c3100bd,John Wesley Delos Reyes Pabalate,2025-05-02,22:36:30,-07:00,2025-05-02T22:36:30-07:00,3,29
projects/projects.js,21,js,4c3100bd,John Wesley Delos Reyes Pabalate,2025-05-02,22:36:30,-07:00,2025-05-02T22:36:30-07:00,4,12
projects/projects.js,22,js,4c3100bd,John Wesley Delos Reyes Pabalate,2025-05-02,22:36:30,-07:00,2025-05-02T22:36:30-07:00,4,52
projects/projects.js,23,js,4c3100bd,John Wesley Delos Reyes Pabalate,2025-05-02,22:36:30,-07:00,2025-05-02T22:36:30-07:00,4,32
projects/projects.js,24,js,4c3100bd,John Wesley Delos Reyes Pabalate,2025-05-02,22:36:30,-07:00,2025-05-02T22:36:30-07:00,3,0
projects/projects.js,25,js,4c3100bd,John Wesley Delos Reyes Pabalate,2025-05-02,22:36:30,-07:00,2025-05-02T22:36:30-07:00,0,0
projects/projects.js,26,js,4c3100bd,John Wesley Delos Reyes Pabalate,2025-05-02,22:36:30,-07:00,2025-05-02T22:36:30-07:00,3,18
projects/projects.js,27,js,4c3100bd,John Wesley Delos Reyes Pabalate,2025-05-02,22:36:30,-07:00,2025-05-02T22:36:30-07:00,3,50
projects/projects.js,28,js,4c3100bd,John Wesley Delos Reyes Pabalate,2025-05-02,22:36:30,-07:00,2025-05-02T22:36:30-07:00,4,35
projects/projects.js,29,js,4c3100bd,John Wesley Delos Reyes Pabalate,2025-05-02,22:36:30,-07:00,2025-05-02T22:36:30-07:00,3,1
projects/projects.js,30,js,4c3100bd,John Wesley Delos Reyes Pabalate,2025-05-02,22:36:30,-07:00,2025-05-02T22:36:30-07:00,0,0
projects/projects.js,31,js,4c3100bd,John Wesley Delos Reyes Pabalate,2025-05-02,22:36:30,-07:00,2025-05-02T22:36:30-07:00,3,33
projects/projects.js,32,js,4c3100bd,John Wesley Delos Reyes Pabalate,2025-05-02,22:36:30,-07:00,2025-05-02T22:36:30-07:00,3,16
projects/projects.js,33,js,4c3100bd,John Wesley Delos Reyes Pabalate,2025-05-02,22:36:30,-07:00,2025-05-02T22:36:30-07:00,3,17
projects/projects.js,34,js,4c3100bd,John Wesley Delos Reyes Pabalate,2025-05-02,22:36:30,-07:00,2025-05-02T22:36:30-07:00,3,41
projects/projects.js,35,js,4c3100bd,John Wesley Delos Reyes Pabalate,2025-05-02,22:36:30,-07:00,2025-05-02T22:36:30-07:00,0,0
projects/projects.js,36,js,4c3100bd,John Wesley Delos Reyes Pabalate,2025-05-02,22:36:30,-07:00,2025-05-02T22:36:30-07:00,3,12
projects/projects.js,37,js,4c3100bd,John Wesley Delos Reyes Pabalate,2025-05-02,22:36:30,-07:00,2025-05-02T22:36:30-07:00,3,22
projects/projects.js,38,js,4c3100bd,John Wesley Delos Reyes Pabalate,2025-05-02,22:36:30,-07:00,2025-05-02T22:36:30-07:00,4,15
projects/projects.js,39,js,4c3100bd,John Wesley Delos Reyes Pabalate,2025-05-02,22:36:30,-07:00,2025-05-02T22:36:30-07:00,3,0
projects/projects.js,40,js,4c3100bd,John Wesley Delos Reyes Pabalate,2025-05-02,22:36:30,-07:00,2025-05-02T22:36:30-07:00,0,0
projects/projects.js,41,js,4c3100bd,John Wesley Delos Reyes Pabalate,2025-05-02,22:36:30,-07:00,2025-05-02T22:36:30-07:00,3,12
projects/projects.js,42,js,4c3100bd,John Wesley Delos Reyes Pabalate,2025-05-02,22:36:30,-07:00,2025-05-02T22:36:30-07:00,3,15
projects/projects.js,43,js,4c3100bd,John Wesley Delos Reyes Pabalate,2025-05-02,22:36:30,-07:00,2025-05-02T22:36:30-07:00,0,0
projects/projects.js,44,js,4c3100bd,John Wesley Delos Reyes Pabalate,2025-05-02,22:36:30,-07:00,2025-05-02T22:36:30-07:00,3,22
projects/projects.js,45,js,4c3100bd,John Wesley Delos Reyes Pabalate,2025-05-02,22:36:30,-07:00,2025-05-02T22:36:30-07:00,4,53
projects/projects.js,46,js,4c3100bd,John Wesley Delos Reyes Pabalate,2025-05-02,22:36:30,-07:00,2025-05-02T22:36:30-07:00,4,70
projects/projects.js,47,js,4c3100bd,John Wesley Delos Reyes Pabalate,2025-05-02,22:36:30,-07:00,2025-05-02T22:36:30-07:00,4,15
projects/projects.js,48,js,4c3100bd,John Wesley Delos Reyes Pabalate,2025-05-02,22:36:30,-07:00,2025-05-02T22:36:30-07:00,3,0
projects/projects.js,49,js,4c3100bd,John Wesley Delos Reyes Pabalate,2025-05-02,22:36:30,-07:00,2025-05-02T22:36:30-07:00,0,0
projects/projects.js,50,js,4c3100bd,John Wesley Delos Reyes Pabalate,2025-05-02,22:36:30,-07:00,2025-05-02T22:36:30-07:00,3,63
projects/projects.js,51,js,4c3100bd,John Wesley Delos Reyes Pabalate,2025-05-02,22:36:30,-07:00,2025-05-02T22:36:30-07:00,0,0
projects/projects.js,52,js,4c3100bd,John Wesley Delos Reyes Pabalate,2025-05-02,22:36:30,-07:00,2025-05-02T22:36:30-07:00,3,12
projects/projects.js,53,js,4c3100bd,John Wesley Delos Reyes Pabalate,2025-05-02,22:36:30,-07:00,2025-05-02T22:36:30-07:00,4,27
projects/projects.js,54,js,4c3100bd,John Wesley Delos Reyes Pabalate,2025-05-02,22:36:30,-07:00,2025-05-02T22:36:30-07:00,4,19
projects/projects.js,55,js,4c3100bd,John Wesley Delos Reyes Pabalate,2025-05-02,22:36:30,-07:00,2025-05-02T22:36:30-07:00,4,21
projects/projects.js,56,js,4c3100bd,John Wesley Delos Reyes Pabalate,2025-05-02,22:36:30,-07:00,2025-05-02T22:36:30-07:00,4,10
projects/projects.js,57,js,4c3100bd,John Wesley Delos Reyes Pabalate,2025-05-02,22:36:30,-07:00,2025-05-02T22:36:30-07:00,4,59
projects/projects.js,58,js,4c3100bd,John Wesley Delos Reyes Pabalate,2025-05-02,22:36:30,-07:00,2025-05-02T22:36:30-07:00,0,0
projects/projects.js,59,js,4c3100bd,John Wesley Delos Reyes Pabalate,2025-05-02,22:36:30,-07:00,2025-05-02T22:36:30-07:00,3,21
projects/projects.js,60,js,4c3100bd,John Wesley Delos Reyes Pabalate,2025-05-02,22:36:30,-07:00,2025-05-02T22:36:30-07:00,3,29
projects/projects.js,61,js,4c3100bd,John Wesley Delos Reyes Pabalate,2025-05-02,22:36:30,-07:00,2025-05-02T22:36:30-07:00,0,0
projects/projects.js,62,js,4c3100bd,John Wesley Delos Reyes Pabalate,2025-05-02,22:36:30,-07:00,2025-05-02T22:36:30-07:00,3,25
projects/projects.js,63,js,4c3100bd,John Wesley Delos Reyes Pabalate,2025-05-02,22:36:30,-07:00,2025-05-02T22:36:30-07:00,3,47
projects/projects.js,64,js,4c3100bd,John Wesley Delos Reyes Pabalate,2025-05-02,22:36:30,-07:00,2025-05-02T22:36:30-07:00,0,0
projects/projects.js,65,js,4c3100bd,John Wesley Delos Reyes Pabalate,2025-05-02,22:36:30,-07:00,2025-05-02T22:36:30-07:00,3,76
projects/projects.js,66,js,4c3100bd,John Wesley Delos Reyes Pabalate,2025-05-02,22:36:30,-07:00,2025-05-02T22:36:30-07:00,0,0
projects/projects.js,67,js,4c3100bd,John Wesley Delos Reyes Pabalate,2025-05-02,22:36:30,-07:00,2025-05-02T22:36:30-07:00,3,26
projects/projects.js,68,js,4c3100bd,John Wesley Delos Reyes Pabalate,2025-05-02,22:36:30,-07:00,2025-05-02T22:36:30-07:00,4,1
projects/projects.js,69,js,4c3100bd,John Wesley Delos Reyes Pabalate,2025-05-02,22:36:30,-07:00,2025-05-02T22:36:30-07:00,5,13
projects/projects.js,70,js,4c3100bd,John Wesley Delos Reyes Pabalate,2025-05-02,22:36:30,-07:00,2025-05-02T22:36:30-07:00,5,13
projects/projects.js,71,js,4c3100bd,John Wesley Delos Reyes Pabalate,2025-05-02,22:36:30,-07:00,2025-05-02T22:36:30-07:00,5,28
projects/projects.js,72,js,4c3100bd,John Wesley Delos Reyes Pabalate,2025-05-02,22:36:30,-07:00,2025-05-02T22:36:30-07:00,5,22
projects/projects.js,73,js,4c3100bd,John Wesley Delos Reyes Pabalate,2025-05-02,22:36:30,-07:00,2025-05-02T22:36:30-07:00,5,22
projects/projects.js,74,js,4c3100bd,John Wesley Delos Reyes Pabalate,2025-05-02,22:36:30,-07:00,2025-05-02T22:36:30-07:00,5,27
projects/projects.js,75,js,4c3100bd,John Wesley Delos Reyes Pabalate,2025-05-02,22:36:30,-07:00,2025-05-02T22:36:30-07:00,6,64
projects/projects.js,76,js,4c3100bd,John Wesley Delos Reyes Pabalate,2025-05-02,22:36:30,-07:00,2025-05-02T22:36:30-07:00,5,0
projects/projects.js,77,js,4c3100bd,John Wesley Delos Reyes Pabalate,2025-05-02,22:36:30,-07:00,2025-05-02T22:36:30-07:00,5,26
projects/projects.js,78,js,4c3100bd,John Wesley Delos Reyes Pabalate,2025-05-02,22:36:30,-07:00,2025-05-02T22:36:30-07:00,6,65
projects/projects.js,79,js,4c3100bd,John Wesley Delos Reyes Pabalate,2025-05-02,22:36:30,-07:00,2025-05-02T22:36:30-07:00,5,0
projects/projects.js,80,js,4c3100bd,John Wesley Delos Reyes Pabalate,2025-05-02,22:36:30,-07:00,2025-05-02T22:36:30-07:00,5,31
projects/projects.js,81,js,4c3100bd,John Wesley Delos Reyes Pabalate,2025-05-02,22:36:30,-07:00,2025-05-02T22:36:30-07:00,6,56
projects/projects.js,82,js,4c3100bd,John Wesley Delos Reyes Pabalate,2025-05-02,22:36:30,-07:00,2025-05-02T22:36:30-07:00,6,43
projects/projects.js,83,js,4c3100bd,John Wesley Delos Reyes Pabalate,2025-05-02,22:36:30,-07:00,2025-05-02T22:36:30-07:00,6,42
projects/projects.js,84,js,4c3100bd,John Wesley Delos Reyes Pabalate,2025-05-02,22:36:30,-07:00,2025-05-02T22:36:30-07:00,6,25
projects/projects.js,85,js,4c3100bd,John Wesley Delos Reyes Pabalate,2025-05-02,22:36:30,-07:00,2025-05-02T22:36:30-07:00,7,48
projects/projects.js,86,js,4c3100bd,John Wesley Delos Reyes Pabalate,2025-05-02,22:36:30,-07:00,2025-05-02T22:36:30-07:00,7,75
projects/projects.js,87,js,4c3100bd,John Wesley Delos Reyes Pabalate,2025-05-02,22:36:30,-07:00,2025-05-02T22:36:30-07:00,6,6
projects/projects.js,88,js,4c3100bd,John Wesley Delos Reyes Pabalate,2025-05-02,22:36:30,-07:00,2025-05-02T22:36:30-07:00,7,26
projects/projects.js,89,js,4c3100bd,John Wesley Delos Reyes Pabalate,2025-05-02,22:36:30,-07:00,2025-05-02T22:36:30-07:00,6,0
projects/projects.js,90,js,4c3100bd,John Wesley Delos Reyes Pabalate,2025-05-02,22:36:30,-07:00,2025-05-02T22:36:30-07:00,6,85
projects/projects.js,91,js,4c3100bd,John Wesley Delos Reyes Pabalate,2025-05-02,22:36:30,-07:00,2025-05-02T22:36:30-07:00,6,56
projects/projects.js,92,js,4c3100bd,John Wesley Delos Reyes Pabalate,2025-05-02,22:36:30,-07:00,2025-05-02T22:36:30-07:00,5,1
projects/projects.js,93,js,4c3100bd,John Wesley Delos Reyes Pabalate,2025-05-02,22:36:30,-07:00,2025-05-02T22:36:30-07:00,3,1
projects/projects.js,94,js,4c3100bd,John Wesley Delos Reyes Pabalate,2025-05-02,22:36:30,-07:00,2025-05-02T22:36:30-07:00,0,0
projects/projects.js,95,js,4c3100bd,John Wesley Delos Reyes Pabalate,2025-05-02,22:36:30,-07:00,2025-05-02T22:36:30-07:00,3,31
projects/projects.js,96,js,4c3100bd,John Wesley Delos Reyes Pabalate,2025-05-02,22:36:30,-07:00,2025-05-02T22:36:30-07:00,3,34
projects/projects.js,97,js,4c3100bd,John Wesley Delos Reyes Pabalate,2025-05-02,22:36:30,-07:00,2025-05-02T22:36:30-07:00,3,30
projects/projects.js,98,js,4c3100bd,John Wesley Delos Reyes Pabalate,2025-05-02,22:36:30,-07:00,2025-05-02T22:36:30-07:00,0,0
projects/projects.js,99,js,4c3100bd,John Wesley Delos Reyes Pabalate,2025-05-02,22:36:30,-07:00,2025-05-02T22:36:30-07:00,3,27
projects/projects.js,100,js,4c3100bd,John Wesley Delos Reyes Pabalate,2025-05-02,22:36:30,-07:00,2025-05-02T22:36:30-07:00,4,4
projects/projects.js,101,js,4c3100bd,John Wesley Delos Reyes Pabalate,2025-05-02,22:36:30,-07:00,2025-05-02T22:36:30-07:00,5,11
projects/projects.js,102,js,4c3100bd,John Wesley Delos Reyes Pabalate,2025-05-02,22:36:30,-07:00,2025-05-02T22:36:30-07:00,5,40
projects/projects.js,103,js,4c3100bd,John Wesley Delos Reyes Pabalate,2025-05-02,22:36:30,-07:00,2025-05-02T22:36:30-07:00,5,4
projects/projects.js,104,js,4c3100bd,John Wesley Delos Reyes Pabalate,2025-05-02,22:36:30,-07:00,2025-05-02T22:36:30-07:00,6,96
projects/projects.js,105,js,4c3100bd,John Wesley Delos Reyes Pabalate,2025-05-02,22:36:30,-07:00,2025-05-02T22:36:30-07:00,5,0
projects/projects.js,106,js,4c3100bd,John Wesley Delos Reyes Pabalate,2025-05-02,22:36:30,-07:00,2025-05-02T22:36:30-07:00,5,23
projects/projects.js,107,js,4c3100bd,John Wesley Delos Reyes Pabalate,2025-05-02,22:36:30,-07:00,2025-05-02T22:36:30-07:00,6,47
projects/projects.js,108,js,4c3100bd,John Wesley Delos Reyes Pabalate,2025-05-02,22:36:30,-07:00,2025-05-02T22:36:30-07:00,6,47
projects/projects.js,109,js,4c3100bd,John Wesley Delos Reyes Pabalate,2025-05-02,22:36:30,-07:00,2025-05-02T22:36:30-07:00,6,42
projects/projects.js,110,js,4c3100bd,John Wesley Delos Reyes Pabalate,2025-05-02,22:36:30,-07:00,2025-05-02T22:36:30-07:00,6,25
projects/projects.js,111,js,4c3100bd,John Wesley Delos Reyes Pabalate,2025-05-02,22:36:30,-07:00,2025-05-02T22:36:30-07:00,7,48
projects/projects.js,112,js,4c3100bd,John Wesley Delos Reyes Pabalate,2025-05-02,22:36:30,-07:00,2025-05-02T22:36:30-07:00,7,75
projects/projects.js,113,js,4c3100bd,John Wesley Delos Reyes Pabalate,2025-05-02,22:36:30,-07:00,2025-05-02T22:36:30-07:00,6,6
projects/projects.js,114,js,4c3100bd,John Wesley Delos Reyes Pabalate,2025-05-02,22:36:30,-07:00,2025-05-02T22:36:30-07:00,7,26
projects/projects.js,115,js,4c3100bd,John Wesley Delos Reyes Pabalate,2025-05-02,22:36:30,-07:00,2025-05-02T22:36:30-07:00,6,0
projects/projects.js,116,js,4c3100bd,John Wesley Delos Reyes Pabalate,2025-05-02,22:36:30,-07:00,2025-05-02T22:36:30-07:00,6,81
projects/projects.js,117,js,4c3100bd,John Wesley Delos Reyes Pabalate,2025-05-02,22:36:30,-07:00,2025-05-02T22:36:30-07:00,6,56
projects/projects.js,118,js,4c3100bd,John Wesley Delos Reyes Pabalate,2025-05-02,22:36:30,-07:00,2025-05-02T22:36:30-07:00,5,1
projects/projects.js,119,js,4c3100bd,John Wesley Delos Reyes Pabalate,2025-05-02,22:36:30,-07:00,2025-05-02T22:36:30-07:00,3,1
projects/projects.js,120,js,4c3100bd,John Wesley Delos Reyes Pabalate,2025-05-02,22:36:30,-07:00,2025-05-02T22:36:30-07:00,0,0
projects/projects.js,121,js,4c3100bd,John Wesley Delos Reyes Pabalate,2025-05-02,22:36:30,-07:00,2025-05-02T22:36:30-07:00,3,39
projects/projects.js,122,js,4c3100bd,John Wesley Delos Reyes Pabalate,2025-05-02,22:36:30,-07:00,2025-05-02T22:36:30-07:00,3,19
projects/projects.js,123,js,4c3100bd,John Wesley Delos Reyes Pabalate,2025-05-02,22:36:30,-07:00,2025-05-02T22:36:30-07:00,4,102
projects/projects.js,124,js,4c3100bd,John Wesley Delos Reyes Pabalate,2025-05-02,22:36:30,-07:00,2025-05-02T22:36:30-07:00,2,0
projects/projects.js,125,js,4c3100bd,John Wesley Delos Reyes Pabalate,2025-05-02,22:36:30,-07:00,2025-05-02T22:36:30-07:00,0,0
projects/projects.js,126,js,4c3100bd,John Wesley Delos Reyes Pabalate,2025-05-02,22:36:30,-07:00,2025-05-02T22:36:30-07:00,2,20
projects/projects.js,127,js,4c3100bd,John Wesley Delos Reyes Pabalate,2025-05-02,22:36:30,-07:00,2025-05-02T22:36:30-07:00,2,55
projects/projects.js,128,js,4c3100bd,John Wesley Delos Reyes Pabalate,2025-05-02,22:36:30,-07:00,2025-05-02T22:36:30-07:00,2,48
projects/projects.js,129,js,4c3100bd,John Wesley Delos Reyes Pabalate,2025-05-02,22:36:30,-07:00,2025-05-02T22:36:30-07:00,3,45
projects/projects.js,130,js,4c3100bd,John Wesley Delos Reyes Pabalate,2025-05-02,22:36:30,-07:00,2025-05-02T22:36:30-07:00,0,0
projects/projects.js,131,js,4c3100bd,John Wesley Delos Reyes Pabalate,2025-05-02,22:36:30,-07:00,2025-05-02T22:36:30-07:00,3,31
projects/projects.js,132,js,4c3100bd,John Wesley Delos Reyes Pabalate,2025-05-02,22:36:30,-07:00,2025-05-02T22:36:30-07:00,3,47
projects/projects.js,133,js,4c3100bd,John Wesley Delos Reyes Pabalate,2025-05-02,22:36:30,-07:00,2025-05-02T22:36:30-07:00,4,59
projects/projects.js,134,js,4c3100bd,John Wesley Delos Reyes Pabalate,2025-05-02,22:36:30,-07:00,2025-05-02T22:36:30-07:00,4,28
projects/projects.js,135,js,4c3100bd,John Wesley Delos Reyes Pabalate,2025-05-02,22:36:30,-07:00,2025-05-02T22:36:30-07:00,3,1
projects/projects.js,136,js,4c3100bd,John Wesley Delos Reyes Pabalate,2025-05-02,22:36:30,-07:00,2025-05-02T22:36:30-07:00,0,0
projects/projects.js,137,js,4c3100bd,John Wesley Delos Reyes Pabalate,2025-05-02,22:36:30,-07:00,2025-05-02T22:36:30-07:00,3,56
projects/projects.js,138,js,4c3100bd,John Wesley Delos Reyes Pabalate,2025-05-02,22:36:30,-07:00,2025-05-02T22:36:30-07:00,3,56
projects/projects.js,139,js,4c3100bd,John Wesley Delos Reyes Pabalate,2025-05-02,22:36:30,-07:00,2025-05-02T22:36:30-07:00,3,31
projects/projects.js,140,js,4c3100bd,John Wesley Delos Reyes Pabalate,2025-05-02,22:36:30,-07:00,2025-05-02T22:36:30-07:00,2,1
projects/projects.js,141,js,4c3100bd,John Wesley Delos Reyes Pabalate,2025-05-02,22:36:30,-07:00,2025-05-02T22:36:30-07:00,0,0
projects/projects.js,142,js,4c3100bd,John Wesley Delos Reyes Pabalate,2025-05-02,22:36:30,-07:00,2025-05-02T22:36:30-07:00,2,46
projects/projects.js,143,js,4c3100bd,John Wesley Delos Reyes Pabalate,2025-05-02,22:36:30,-07:00,2025-05-02T22:36:30-07:00,2,31
projects/projects.js,144,js,4c3100bd,John Wesley Delos Reyes Pabalate,2025-05-02,22:36:30,-07:00,2025-05-02T22:36:30-07:00,0,0
projects/projects.js,145,js,12c4691b,John Wesley Delos Reyes Pabalate,2025-04-25,20:44:44,-07:00,2025-04-25T20:44:44-07:00,1,15
projects/projects.js,146,js,12c4691b,John Wesley Delos Reyes Pabalate,2025-04-25,20:44:44,-07:00,2025-04-25T20:44:44-07:00,2,59
projects/projects.js,147,js,12c4691b,John Wesley Delos Reyes Pabalate,2025-04-25,20:44:44,-07:00,2025-04-25T20:44:44-07:00,1,0
projects/projects.js,148,js,12c4691b,John Wesley Delos Reyes Pabalate,2025-04-25,20:44:44,-07:00,2025-04-25T20:44:44-07:00,0,3
projects/index.html,1,html,0ed5110a,John Wesley Delos Reyes Pabalate,2025-04-11,23:19:50,-07:00,2025-04-11T23:19:50-07:00,0,13
projects/index.html,2,html,0ed5110a,John Wesley Delos Reyes Pabalate,2025-04-11,23:19:50,-07:00,2025-04-11T23:19:50-07:00,0,14
projects/index.html,3,html,0ed5110a,John Wesley Delos Reyes Pabalate,2025-04-11,23:19:50,-07:00,2025-04-11T23:19:50-07:00,0,4
projects/index.html,4,html,0ed5110a,John Wesley Delos Reyes Pabalate,2025-04-11,23:19:50,-07:00,2025-04-11T23:19:50-07:00,1,20
projects/index.html,5,html,4c3100bd,John Wesley Delos Reyes Pabalate,2025-05-02,22:36:30,-07:00,2025-05-02T22:36:30-07:00,1,68
projects/index.html,6,html,0ed5110a,John Wesley Delos Reyes Pabalate,2025-04-11,23:19:50,-07:00,2025-04-11T23:19:50-07:00,1,44
projects/index.html,7,html,0ed5110a,John Wesley Delos Reyes Pabalate,2025-04-11,23:19:50,-07:00,2025-04-11T23:19:50-07:00,1,41
projects/index.html,8,html,4c3100bd,John Wesley Delos Reyes Pabalate,2025-05-02,22:36:30,-07:00,2025-05-02T22:36:30-07:00,1,20
projects/index.html,9,html,4c3100bd,John Wesley Delos Reyes Pabalate,2025-05-02,22:36:30,-07:00,2025-05-02T22:36:30-07:00,1,64
projects/index.html,10,html,0ed5110a,John Wesley Delos Reyes Pabalate,2025-04-11,23:19:50,-07:00,2025-04-11T23:19:50-07:00,0,5
projects/index.html,11,html,0ed5110a,John Wesley Delos Reyes Pabalate,2025-04-11,23:19:50,-07:00,2025-04-11T23:19:50-07:00,0,4
projects/index.html,12,html,0ed5110a,John Wesley Delos Reyes Pabalate,2025-04-11,23:19:50,-07:00,2025-04-11T23:19:50-07:00,0,0
projects/index.html,13,html,4c3100bd,John Wesley Delos Reyes Pabalate,2025-05-02,22:36:30,-07:00,2025-05-02T22:36:30-07:00,1,21
projects/index.html,14,html,12c4691b,John Wesley Delos Reyes Pabalate,2025-04-25,20:44:44,-07:00,2025-04-25T20:44:44-07:00,1,52
projects/index.html,15,html,12c4691b,John Wesley Delos Reyes Pabalate,2025-04-25,20:44:44,-07:00,2025-04-25T20:44:44-07:00,0,0
projects/index.html,16,html,4c3100bd,John Wesley Delos Reyes Pabalate,2025-05-02,22:36:30,-07:00,2025-05-02T22:36:30-07:00,1,17
projects/index.html,17,html,4c3100bd,John Wesley Delos Reyes Pabalate,2025-05-02,22:36:30,-07:00,2025-05-02T22:36:30-07:00,1,104
projects/index.html,18,html,12c4691b,John Wesley Delos Reyes Pabalate,2025-04-25,20:44:44,-07:00,2025-04-25T20:44:44-07:00,0,0
projects/index.html,19,html,4c3100bd,John Wesley Delos Reyes Pabalate,2025-05-02,22:36:30,-07:00,2025-05-02T22:36:30-07:00,1,37
projects/index.html,20,html,4c3100bd,John Wesley Delos Reyes Pabalate,2025-05-02,22:36:30,-07:00,2025-05-02T22:36:30-07:00,1,31
projects/index.html,21,html,4c3100bd,John Wesley Delos Reyes Pabalate,2025-05-02,22:36:30,-07:00,2025-05-02T22:36:30-07:00,2,24
projects/index.html,22,html,4c3100bd,John Wesley Delos Reyes Pabalate,2025-05-02,22:36:30,-07:00,2025-05-02T22:36:30-07:00,2,54
projects/index.html,23,html,4c3100bd,John Wesley Delos Reyes Pabalate,2025-05-02,22:36:30,-07:00,2025-05-02T22:36:30-07:00,2,13
projects/index.html,24,html,4c3100bd,John Wesley Delos Reyes Pabalate,2025-05-02,22:36:30,-07:00,2025-05-02T22:36:30-07:00,2,22
projects/index.html,25,html,4c3100bd,John Wesley Delos Reyes Pabalate,2025-05-02,22:36:30,-07:00,2025-05-02T22:36:30-07:00,1,4
projects/index.html,26,html,4c3100bd,John Wesley Delos Reyes Pabalate,2025-05-02,22:36:30,-07:00,2025-05-02T22:36:30-07:00,0,0
projects/index.html,27,html,4c3100bd,John Wesley Delos Reyes Pabalate,2025-05-02,22:36:30,-07:00,2025-05-02T22:36:30-07:00,1,46
projects/index.html,28,html,4c3100bd,John Wesley Delos Reyes Pabalate,2025-05-02,22:36:30,-07:00,2025-05-02T22:36:30-07:00,1,20
projects/index.html,29,html,4c3100bd,John Wesley Delos Reyes Pabalate,2025-05-02,22:36:30,-07:00,2025-05-02T22:36:30-07:00,2,56
projects/index.html,30,html,4c3100bd,John Wesley Delos Reyes Pabalate,2025-05-02,22:36:30,-07:00,2025-05-02T22:36:30-07:00,1,4
projects/index.html,31,html,4c3100bd,John Wesley Delos Reyes Pabalate,2025-05-02,22:36:30,-07:00,2025-05-02T22:36:30-07:00,0,0
projects/index.html,32,html,4c3100bd,John Wesley Delos Reyes Pabalate,2025-05-02,22:36:30,-07:00,2025-05-02T22:36:30-07:00,1,40
projects/index.html,33,html,12c4691b,John Wesley Delos Reyes Pabalate,2025-04-25,20:44:44,-07:00,2025-04-25T20:44:44-07:00,1,47
projects/index.html,34,html,12c4691b,John Wesley Delos Reyes Pabalate,2025-04-25,20:44:44,-07:00,2025-04-25T20:44:44-07:00,0,0
projects/index.html,35,html,0ed5110a,John Wesley Delos Reyes Pabalate,2025-04-11,23:19:50,-07:00,2025-04-11T23:19:50-07:00,0,5
projects/index.html,36,html,0ed5110a,John Wesley Delos Reyes Pabalate,2025-04-11,23:19:50,-07:00,2025-04-11T23:19:50-07:00,0,5
cv/index.html,1,html,db271048,John Wesley Delos Reyes Pabalate,2025-04-05,00:08:20,-07:00,2025-04-05T00:08:20-07:00,0,13
cv/index.html,2,html,db271048,John Wesley Delos Reyes Pabalate,2025-04-05,00:08:20,-07:00,2025-04-05T00:08:20-07:00,0,14
cv/index.html,3,html,db271048,John Wesley Delos Reyes Pabalate,2025-04-05,00:08:20,-07:00,2025-04-05T00:08:20-07:00,0,4
cv/index.html,4,html,db271048,John Wesley Delos Reyes Pabalate,2025-04-05,00:08:20,-07:00,2025-04-05T00:08:20-07:00,1,22
cv/index.html,5,html,db271048,John Wesley Delos Reyes Pabalate,2025-04-05,00:08:20,-07:00,2025-04-05T00:08:20-07:00,1,38
cv/index.html,6,html,db271048,John Wesley Delos Reyes Pabalate,2025-04-05,00:08:20,-07:00,2025-04-05T00:08:20-07:00,1,43
cv/index.html,7,html,db271048,John Wesley Delos Reyes Pabalate,2025-04-05,00:08:20,-07:00,2025-04-05T00:08:20-07:00,0,5
cv/index.html,8,html,db271048,John Wesley Delos Reyes Pabalate,2025-04-05,00:08:20,-07:00,2025-04-05T00:08:20-07:00,0,4
cv/index.html,9,html,db271048,John Wesley Delos Reyes Pabalate,2025-04-05,00:08:20,-07:00,2025-04-05T00:08:20-07:00,0,0
cv/index.html,10,html,0ed5110a,John Wesley Delos Reyes Pabalate,2025-04-11,23:19:50,-07:00,2025-04-11T23:19:50-07:00,1,29
cv/index.html,11,html,0ed5110a,John Wesley Delos Reyes Pabalate,2025-04-11,23:19:50,-07:00,2025-04-11T23:19:50-07:00,1,25
cv/index.html,12,html,0ed5110a,John Wesley Delos Reyes Pabalate,2025-04-11,23:19:50,-07:00,2025-04-11T23:19:50-07:00,2,27
cv/index.html,13,html,0ed5110a,John Wesley Delos Reyes Pabalate,2025-04-11,23:19:50,-07:00,2025-04-11T23:19:50-07:00,2,100
cv/index.html,14,html,0ed5110a,John Wesley Delos Reyes Pabalate,2025-04-11,23:19:50,-07:00,2025-04-11T23:19:50-07:00,1,4
cv/index.html,15,html,db271048,John Wesley Delos Reyes Pabalate,2025-04-05,00:08:20,-07:00,2025-04-05T00:08:20-07:00,0,0
cv/index.html,16,html,db271048,John Wesley Delos Reyes Pabalate,2025-04-05,00:08:20,-07:00,2025-04-05T00:08:20-07:00,1,7
cv/index.html,17,html,0ed5110a,John Wesley Delos Reyes Pabalate,2025-04-11,23:19:50,-07:00,2025-04-11T23:19:50-07:00,2,5
cv/index.html,18,html,0ed5110a,John Wesley Delos Reyes Pabalate,2025-04-11,23:19:50,-07:00,2025-04-11T23:19:50-07:00,3,40
cv/index.html,19,html,0ed5110a,John Wesley Delos Reyes Pabalate,2025-04-11,23:19:50,-07:00,2025-04-11T23:19:50-07:00,3,10
cv/index.html,20,html,0ed5110a,John Wesley Delos Reyes Pabalate,2025-04-11,23:19:50,-07:00,2025-04-11T23:19:50-07:00,3,12
cv/index.html,21,html,0ed5110a,John Wesley Delos Reyes Pabalate,2025-04-11,23:19:50,-07:00,2025-04-11T23:19:50-07:00,3,78
cv/index.html,22,html,0ed5110a,John Wesley Delos Reyes Pabalate,2025-04-11,23:19:50,-07:00,2025-04-11T23:19:50-07:00,2,7
cv/index.html,23,html,0ed5110a,John Wesley Delos Reyes Pabalate,2025-04-11,23:19:50,-07:00,2025-04-11T23:19:50-07:00,2,29
cv/index.html,24,html,0ed5110a,John Wesley Delos Reyes Pabalate,2025-04-11,23:19:50,-07:00,2025-04-11T23:19:50-07:00,3,0
cv/index.html,25,html,0ed5110a,John Wesley Delos Reyes Pabalate,2025-04-11,23:19:50,-07:00,2025-04-11T23:19:50-07:00,4,41
cv/index.html,26,html,0ed5110a,John Wesley Delos Reyes Pabalate,2025-04-11,23:19:50,-07:00,2025-04-11T23:19:50-07:00,4,13
cv/index.html,27,html,0ed5110a,John Wesley Delos Reyes Pabalate,2025-04-11,23:19:50,-07:00,2025-04-11T23:19:50-07:00,4,151
cv/index.html,28,html,0ed5110a,John Wesley Delos Reyes Pabalate,2025-04-11,23:19:50,-07:00,2025-04-11T23:19:50-07:00,4,20
cv/index.html,29,html,0ed5110a,John Wesley Delos Reyes Pabalate,2025-04-11,23:19:50,-07:00,2025-04-11T23:19:50-07:00,3,2
cv/index.html,30,html,db271048,John Wesley Delos Reyes Pabalate,2025-04-05,00:08:20,-07:00,2025-04-05T00:08:20-07:00,2,2
cv/index.html,31,html,db271048,John Wesley Delos Reyes Pabalate,2025-04-05,00:08:20,-07:00,2025-04-05T00:08:20-07:00,1,8
cv/index.html,32,html,db271048,John Wesley Delos Reyes Pabalate,2025-04-05,00:08:20,-07:00,2025-04-05T00:08:20-07:00,0,0
cv/index.html,33,html,db271048,John Wesley Delos Reyes Pabalate,2025-04-05,00:08:20,-07:00,2025-04-05T00:08:20-07:00,1,7
cv/index.html,34,html,0ed5110a,John Wesley Delos Reyes Pabalate,2025-04-11,23:19:50,-07:00,2025-04-11T23:19:50-07:00,2,49
cv/index.html,35,html,0ed5110a,John Wesley Delos Reyes Pabalate,2025-04-11,23:19:50,-07:00,2025-04-11T23:19:50-07:00,3,67
cv/index.html,36,html,0ed5110a,John Wesley Delos Reyes Pabalate,2025-04-11,23:19:50,-07:00,2025-04-11T23:19:50-07:00,4,13
cv/index.html,37,html,0ed5110a,John Wesley Delos Reyes Pabalate,2025-04-11,23:19:50,-07:00,2025-04-11T23:19:50-07:00,4,5
cv/index.html,38,html,0ed5110a,John Wesley Delos Reyes Pabalate,2025-04-11,23:19:50,-07:00,2025-04-11T23:19:50-07:00,5,19
cv/index.html,39,html,0ed5110a,John Wesley Delos Reyes Pabalate,2025-04-11,23:19:50,-07:00,2025-04-11T23:19:50-07:00,5,18
cv/index.html,40,html,0ed5110a,John Wesley Delos Reyes Pabalate,2025-04-11,23:19:50,-07:00,2025-04-11T23:19:50-07:00,5,7
cv/index.html,41,html,0ed5110a,John Wesley Delos Reyes Pabalate,2025-04-11,23:19:50,-07:00,2025-04-11T23:19:50-07:00,5,17
cv/index.html,42,html,0ed5110a,John Wesley Delos Reyes Pabalate,2025-04-11,23:19:50,-07:00,2025-04-11T23:19:50-07:00,5,24
cv/index.html,43,html,0ed5110a,John Wesley Delos Reyes Pabalate,2025-04-11,23:19:50,-07:00,2025-04-11T23:19:50-07:00,5,11
cv/index.html,44,html,0ed5110a,John Wesley Delos Reyes Pabalate,2025-04-11,23:19:50,-07:00,2025-04-11T23:19:50-07:00,5,20
cv/index.html,45,html,0ed5110a,John Wesley Delos Reyes Pabalate,2025-04-11,23:19:50,-07:00,2025-04-11T23:19:50-07:00,5,16
cv/index.html,46,html,0ed5110a,John Wesley Delos Reyes Pabalate,2025-04-11,23:19:50,-07:00,2025-04-11T23:19:50-07:00,5,17
cv/index.html,47,html,0ed5110a,John Wesley Delos Reyes Pabalate,2025-04-11,23:19:50,-07:00,2025-04-11T23:19:50-07:00,5,36
cv/index.html,48,html,0ed5110a,John Wesley Delos Reyes Pabalate,2025-04-11,23:19:50,-07:00,2025-04-11T23:19:50-07:00,4,0
cv/index.html,49,html,0ed5110a,John Wesley Delos Reyes Pabalate,2025-04-11,23:19:50,-07:00,2025-04-11T23:19:50-07:00,4,62
cv/index.html,50,html,0ed5110a,John Wesley Delos Reyes Pabalate,2025-04-11,23:19:50,-07:00,2025-04-11T23:19:50-07:00,6,12
cv/index.html,51,html,0ed5110a,John Wesley Delos Reyes Pabalate,2025-04-11,23:19:50,-07:00,2025-04-11T23:19:50-07:00,6,8
cv/index.html,52,html,0ed5110a,John Wesley Delos Reyes Pabalate,2025-04-11,23:19:50,-07:00,2025-04-11T23:19:50-07:00,6,9
cv/index.html,53,html,0ed5110a,John Wesley Delos Reyes Pabalate,2025-04-11,23:19:50,-07:00,2025-04-11T23:19:50-07:00,6,30
cv/index.html,54,html,0ed5110a,John Wesley Delos Reyes Pabalate,2025-04-11,23:19:50,-07:00,2025-04-11T23:19:50-07:00,4,17
cv/index.html,55,html,0ed5110a,John Wesley Delos Reyes Pabalate,2025-04-11,23:19:50,-07:00,2025-04-11T23:19:50-07:00,3,2
cv/index.html,56,html,db271048,John Wesley Delos Reyes Pabalate,2025-04-05,00:08:20,-07:00,2025-04-05T00:08:20-07:00,2,2
cv/index.html,57,html,db271048,John Wesley Delos Reyes Pabalate,2025-04-05,00:08:20,-07:00,2025-04-05T00:08:20-07:00,1,8
cv/index.html,58,html,2beec35e,John Wesley Delos Reyes Pabalate,2025-04-18,22:40:17,-07:00,2025-04-18T22:40:17-07:00,0,0
cv/index.html,59,html,2beec35e,John Wesley Delos Reyes Pabalate,2025-04-18,22:40:17,-07:00,2025-04-18T22:40:17-07:00,1,34
cv/index.html,60,html,2beec35e,John Wesley Delos Reyes Pabalate,2025-04-18,22:40:17,-07:00,2025-04-18T22:40:17-07:00,1,48
cv/index.html,61,html,db271048,John Wesley Delos Reyes Pabalate,2025-04-05,00:08:20,-07:00,2025-04-05T00:08:20-07:00,0,5
cv/index.html,62,html,db271048,John Wesley Delos Reyes Pabalate,2025-04-05,00:08:20,-07:00,2025-04-05T00:08:20-07:00,0,5
contact/index.html,1,html,7acd94ae,John Wesley Delos Reyes Pabalate,2025-04-04,23:20:55,-07:00,2025-04-04T23:20:55-07:00,0,13
contact/index.html,2,html,7acd94ae,John Wesley Delos Reyes Pabalate,2025-04-04,23:20:55,-07:00,2025-04-04T23:20:55-07:00,0,14
contact/index.html,3,html,7acd94ae,John Wesley Delos Reyes Pabalate,2025-04-04,23:20:55,-07:00,2025-04-04T23:20:55-07:00,0,4
contact/index.html,4,html,7acd94ae,John Wesley Delos Reyes Pabalate,2025-04-04,23:20:55,-07:00,2025-04-04T23:20:55-07:00,1,20
contact/index.html,5,html,7acd94ae,John Wesley Delos Reyes Pabalate,2025-04-04,23:20:55,-07:00,2025-04-04T23:20:55-07:00,1,43
contact/index.html,6,html,7acd94ae,John Wesley Delos Reyes Pabalate,2025-04-04,23:20:55,-07:00,2025-04-04T23:20:55-07:00,1,41
contact/index.html,7,html,7acd94ae,John Wesley Delos Reyes Pabalate,2025-04-04,23:20:55,-07:00,2025-04-04T23:20:55-07:00,0,5
contact/index.html,8,html,7acd94ae,John Wesley Delos Reyes Pabalate,2025-04-04,23:20:55,-07:00,2025-04-04T23:20:55-07:00,0,4
contact/index.html,9,html,0ed5110a,John Wesley Delos Reyes Pabalate,2025-04-11,23:19:50,-07:00,2025-04-11T23:19:50-07:00,0,0
contact/index.html,10,html,7acd94ae,John Wesley Delos Reyes Pabalate,2025-04-04,23:20:55,-07:00,2025-04-04T23:20:55-07:00,1,14
contact/index.html,11,html,0ed5110a,John Wesley Delos Reyes Pabalate,2025-04-11,23:19:50,-07:00,2025-04-11T23:19:50-07:00,0,0
contact/index.html,12,html,0ed5110a,John Wesley Delos Reyes Pabalate,2025-04-11,23:19:50,-07:00,2025-04-11T23:19:50-07:00,1,85
contact/index.html,13,html,0ed5110a,John Wesley Delos Reyes Pabalate,2025-04-11,23:19:50,-07:00,2025-04-11T23:19:50-07:00,2,20
contact/index.html,14,html,0ed5110a,John Wesley Delos Reyes Pabalate,2025-04-11,23:19:50,-07:00,2025-04-11T23:19:50-07:00,3,31
contact/index.html,15,html,0ed5110a,John Wesley Delos Reyes Pabalate,2025-04-11,23:19:50,-07:00,2025-04-11T23:19:50-07:00,3,51
contact/index.html,16,html,0ed5110a,John Wesley Delos Reyes Pabalate,2025-04-11,23:19:50,-07:00,2025-04-11T23:19:50-07:00,2,4
contact/index.html,17,html,0ed5110a,John Wesley Delos Reyes Pabalate,2025-04-11,23:19:50,-07:00,2025-04-11T23:19:50-07:00,0,0
contact/index.html,18,html,0ed5110a,John Wesley Delos Reyes Pabalate,2025-04-11,23:19:50,-07:00,2025-04-11T23:19:50-07:00,2,20
contact/index.html,19,html,0ed5110a,John Wesley Delos Reyes Pabalate,2025-04-11,23:19:50,-07:00,2025-04-11T23:19:50-07:00,3,35
contact/index.html,20,html,0ed5110a,John Wesley Delos Reyes Pabalate,2025-04-11,23:19:50,-07:00,2025-04-11T23:19:50-07:00,3,54
contact/index.html,21,html,0ed5110a,John Wesley Delos Reyes Pabalate,2025-04-11,23:19:50,-07:00,2025-04-11T23:19:50-07:00,2,4
contact/index.html,22,html,0ed5110a,John Wesley Delos Reyes Pabalate,2025-04-11,23:19:50,-07:00,2025-04-11T23:19:50-07:00,0,0
contact/index.html,23,html,0ed5110a,John Wesley Delos Reyes Pabalate,2025-04-11,23:19:50,-07:00,2025-04-11T23:19:50-07:00,2,20
contact/index.html,24,html,0ed5110a,John Wesley Delos Reyes Pabalate,2025-04-11,23:19:50,-07:00,2025-04-11T23:19:50-07:00,3,32
contact/index.html,25,html,0ed5110a,John Wesley Delos Reyes Pabalate,2025-04-11,23:19:50,-07:00,2025-04-11T23:19:50-07:00,3,59
contact/index.html,26,html,0ed5110a,John Wesley Delos Reyes Pabalate,2025-04-11,23:19:50,-07:00,2025-04-11T23:19:50-07:00,2,4
contact/index.html,27,html,0ed5110a,John Wesley Delos Reyes Pabalate,2025-04-11,23:19:50,-07:00,2025-04-11T23:19:50-07:00,0,0
contact/index.html,28,html,0ed5110a,John Wesley Delos Reyes Pabalate,2025-04-11,23:19:50,-07:00,2025-04-11T23:19:50-07:00,2,33
contact/index.html,29,html,7acd94ae,John Wesley Delos Reyes Pabalate,2025-04-04,23:20:55,-07:00,2025-04-04T23:20:55-07:00,1,5
contact/index.html,30,html,2beec35e,John Wesley Delos Reyes Pabalate,2025-04-18,22:40:17,-07:00,2025-04-18T22:40:17-07:00,0,0
contact/index.html,31,html,2beec35e,John Wesley Delos Reyes Pabalate,2025-04-18,22:40:17,-07:00,2025-04-18T22:40:17-07:00,1,48
contact/index.html,32,html,7acd94ae,John Wesley Delos Reyes Pabalate,2025-04-04,23:20:55,-07:00,2025-04-04T23:20:55-07:00,0,5
contact/index.html,33,html,7acd94ae,John Wesley Delos Reyes Pabalate,2025-04-04,23:20:55,-07:00,2025-04-04T23:20:55-07:00,0,5
